column,role,dtype,missing_count,missing_rate,unique_count,source_table,official_description,official_special,is_in_application_train,is_in_application_test,derived_formula,modeling_action
SK_ID_CURR,id,int64,0,0.0,307511,application_{train|test}.csv,ID of loan in our sample,,True,True,,use only for joins/tracking; exclude from model features
TARGET,target,int64,0,0.0,2,application_{train|test}.csv,"Target variable (1 - client with payment difficulties: he/she had late payment more than X days on at least one of the first Y installments of the loan in our sample, 0 - all other cases)",,True,False,,use as label only; exclude from model features
NAME_CONTRACT_TYPE,feature,str,0,0.0,2,application_{train|test}.csv,Identification if loan is cash or revolving,,True,True,,candidate feature after normal preprocessing and leakage review
CODE_GENDER,feature,str,4,1.3007664766463638e-05,2,application_{train|test}.csv,Gender of the client,,True,True,,candidate feature after normal preprocessing and leakage review
FLAG_OWN_CAR,feature,str,0,0.0,2,application_{train|test}.csv,Flag if the client owns a car,,True,True,,candidate feature after normal preprocessing and leakage review
FLAG_OWN_REALTY,feature,str,0,0.0,2,application_{train|test}.csv,Flag if client owns a house or flat,,True,True,,candidate feature after normal preprocessing and leakage review
CNT_CHILDREN,feature,int64,0,0.0,15,application_{train|test}.csv,Number of children the client has,,True,True,,candidate feature after normal preprocessing and leakage review
AMT_INCOME_TOTAL,feature,float64,0,0.0,2548,application_{train|test}.csv,Income of the client,,True,True,,candidate feature after normal preprocessing and leakage review
AMT_CREDIT,feature,float64,0,0.0,5603,application_{train|test}.csv,Credit amount of the loan,,True,True,,candidate feature after normal preprocessing and leakage review
AMT_ANNUITY,feature,float64,12,3.9022994299390916e-05,13672,application_{train|test}.csv,Loan annuity,,True,True,,candidate feature after normal preprocessing and leakage review
AMT_GOODS_PRICE,feature,float64,278,0.0009040327012692228,1002,application_{train|test}.csv,For consumer loans it is the price of the goods for which the loan is given,,True,True,,candidate feature after normal preprocessing and leakage review
NAME_TYPE_SUITE,feature,str,1292,0.004201475719567756,7,application_{train|test}.csv,Who was accompanying client when he was applying for the loan,,True,True,,candidate feature after normal preprocessing and leakage review
NAME_INCOME_TYPE,feature,str,0,0.0,8,application_{train|test}.csv,"Clients income type (businessman, working, maternity leave,)",,True,True,,candidate feature after normal preprocessing and leakage review
NAME_EDUCATION_TYPE,feature,str,0,0.0,5,application_{train|test}.csv,Level of highest education the client achieved,,True,True,,candidate feature after normal preprocessing and leakage review
NAME_FAMILY_STATUS,feature,str,0,0.0,6,application_{train|test}.csv,Family status of the client,,True,True,,candidate feature after normal preprocessing and leakage review
NAME_HOUSING_TYPE,feature,str,0,0.0,6,application_{train|test}.csv,"What is the housing situation of the client (renting, living with parents, ...)",,True,True,,candidate feature after normal preprocessing and leakage review
REGION_POPULATION_RELATIVE,feature,float64,0,0.0,81,application_{train|test}.csv,Normalized population of region where client lives (higher number means the client lives in more populated region),normalized ,True,True,,candidate feature after normal preprocessing and leakage review
DAYS_BIRTH,feature,int64,0,0.0,17460,application_{train|test}.csv,Client's age in days at the time of application,time only relative to the application,True,True,,candidate feature after normal preprocessing and leakage review
DAYS_EMPLOYED,feature,float64,55374,0.18007160719453938,12573,application_{train|test}.csv,How many days before the application the person started current employment,time only relative to the application,True,True,,candidate feature after normal preprocessing and leakage review
DAYS_REGISTRATION,feature,float64,0,0.0,15688,application_{train|test}.csv,How many days before the application did client change his registration,time only relative to the application,True,True,,candidate feature after normal preprocessing and leakage review
DAYS_ID_PUBLISH,feature,int64,0,0.0,6168,application_{train|test}.csv,How many days before the application did client change the identity document with which he applied for the loan,time only relative to the application,True,True,,candidate feature after normal preprocessing and leakage review
OWN_CAR_AGE,feature,float64,202929,0.6599081008484249,62,application_{train|test}.csv,Age of client's car,,True,True,,candidate feature after normal preprocessing and leakage review
FLAG_MOBIL,feature,int64,0,0.0,2,application_{train|test}.csv,"Did client provide mobile phone (1=YES, 0=NO)",,True,True,,candidate feature after normal preprocessing and leakage review
FLAG_EMP_PHONE,feature,int64,0,0.0,2,application_{train|test}.csv,"Did client provide work phone (1=YES, 0=NO)",,True,True,,candidate feature after normal preprocessing and leakage review
FLAG_WORK_PHONE,feature,int64,0,0.0,2,application_{train|test}.csv,"Did client provide home phone (1=YES, 0=NO)",,True,True,,candidate feature after normal preprocessing and leakage review
FLAG_CONT_MOBILE,feature,int64,0,0.0,2,application_{train|test}.csv,"Was mobile phone reachable (1=YES, 0=NO)",,True,True,,candidate feature after normal preprocessing and leakage review
FLAG_PHONE,feature,int64,0,0.0,2,application_{train|test}.csv,"Did client provide home phone (1=YES, 0=NO)",,True,True,,candidate feature after normal preprocessing and leakage review
FLAG_EMAIL,feature,int64,0,0.0,2,application_{train|test}.csv,"Did client provide email (1=YES, 0=NO)",,True,True,,candidate feature after normal preprocessing and leakage review
OCCUPATION_TYPE,feature,str,96391,0.31345545362604915,18,application_{train|test}.csv,What kind of occupation does the client have,,True,True,,candidate feature after normal preprocessing and leakage review
CNT_FAM_MEMBERS,feature,float64,2,6.503832383231819e-06,17,application_{train|test}.csv,How many family members does client have,,True,True,,candidate feature after normal preprocessing and leakage review
REGION_RATING_CLIENT,feature,int64,0,0.0,3,application_{train|test}.csv,"Our rating of the region where client lives (1,2,3)",,True,True,,candidate feature after normal preprocessing and leakage review
REGION_RATING_CLIENT_W_CITY,feature,int64,0,0.0,3,application_{train|test}.csv,"Our rating of the region where client lives with taking city into account (1,2,3)",,True,True,,candidate feature after normal preprocessing and leakage review
WEEKDAY_APPR_PROCESS_START,feature,str,0,0.0,7,application_{train|test}.csv,On which day of the week did the client apply for the loan,,True,True,,candidate feature after normal preprocessing and leakage review
HOUR_APPR_PROCESS_START,feature,int64,0,0.0,24,application_{train|test}.csv,Approximately at what hour did the client apply for the loan,rounded,True,True,,candidate feature after normal preprocessing and leakage review
REG_REGION_NOT_LIVE_REGION,feature,int64,0,0.0,2,application_{train|test}.csv,"Flag if client's permanent address does not match contact address (1=different, 0=same, at region level)",,True,True,,candidate feature after normal preprocessing and leakage review
REG_REGION_NOT_WORK_REGION,feature,int64,0,0.0,2,application_{train|test}.csv,"Flag if client's permanent address does not match work address (1=different, 0=same, at region level)",,True,True,,candidate feature after normal preprocessing and leakage review
LIVE_REGION_NOT_WORK_REGION,feature,int64,0,0.0,2,application_{train|test}.csv,"Flag if client's contact address does not match work address (1=different, 0=same, at region level)",,True,True,,candidate feature after normal preprocessing and leakage review
REG_CITY_NOT_LIVE_CITY,feature,int64,0,0.0,2,application_{train|test}.csv,"Flag if client's permanent address does not match contact address (1=different, 0=same, at city level)",,True,True,,candidate feature after normal preprocessing and leakage review
REG_CITY_NOT_WORK_CITY,feature,int64,0,0.0,2,application_{train|test}.csv,"Flag if client's permanent address does not match work address (1=different, 0=same, at city level)",,True,True,,candidate feature after normal preprocessing and leakage review
LIVE_CITY_NOT_WORK_CITY,feature,int64,0,0.0,2,application_{train|test}.csv,"Flag if client's contact address does not match work address (1=different, 0=same, at city level)",,True,True,,candidate feature after normal preprocessing and leakage review
ORGANIZATION_TYPE,feature,str,0,0.0,58,application_{train|test}.csv,Type of organization where client works,,True,True,,candidate feature after normal preprocessing and leakage review
EXT_SOURCE_1,feature,float64,173378,0.5638107254699832,114584,application_{train|test}.csv,Normalized score from external data source,normalized,True,True,,candidate feature after normal preprocessing and leakage review
EXT_SOURCE_2,feature,float64,660,0.0021462646864665006,119831,application_{train|test}.csv,Normalized score from external data source,normalized,True,True,,candidate feature after normal preprocessing and leakage review
EXT_SOURCE_3,feature,float64,60965,0.19825307062186392,814,application_{train|test}.csv,Normalized score from external data source,normalized,True,True,,candidate feature after normal preprocessing and leakage review
APARTMENTS_AVG,feature,float64,156061,0.5074972927797705,2339,application_{train|test}.csv,"Normalized information about building where the client lives, What is average (_AVG suffix), modus (_MODE suffix), median (_MEDI suffix) apartment size, common area, living area, age of building, number of elevators, number of entrances, state of the building, number of floor",normalized,True,True,,candidate feature after normal preprocessing and leakage review
BASEMENTAREA_AVG,feature,float64,179943,0.5851595552679416,3780,application_{train|test}.csv,"Normalized information about building where the client lives, What is average (_AVG suffix), modus (_MODE suffix), median (_MEDI suffix) apartment size, common area, living area, age of building, number of elevators, number of entrances, state of the building, number of floor",normalized,True,True,,candidate feature after normal preprocessing and leakage review
YEARS_BEGINEXPLUATATION_AVG,feature,float64,150007,0.48781019215572774,285,application_{train|test}.csv,"Normalized information about building where the client lives, What is average (_AVG suffix), modus (_MODE suffix), median (_MEDI suffix) apartment size, common area, living area, age of building, number of elevators, number of entrances, state of the building, number of floor",normalized,True,True,,candidate feature after normal preprocessing and leakage review
YEARS_BUILD_AVG,feature,float64,204488,0.6649778381911542,149,application_{train|test}.csv,"Normalized information about building where the client lives, What is average (_AVG suffix), modus (_MODE suffix), median (_MEDI suffix) apartment size, common area, living area, age of building, number of elevators, number of entrances, state of the building, number of floor",normalized,True,True,,candidate feature after normal preprocessing and leakage review
COMMONAREA_AVG,feature,float64,214865,0.6987229725115525,3181,application_{train|test}.csv,"Normalized information about building where the client lives, What is average (_AVG suffix), modus (_MODE suffix), median (_MEDI suffix) apartment size, common area, living area, age of building, number of elevators, number of entrances, state of the building, number of floor",normalized,True,True,,candidate feature after normal preprocessing and leakage review
ELEVATORS_AVG,feature,float64,163891,0.532959796560123,257,application_{train|test}.csv,"Normalized information about building where the client lives, What is average (_AVG suffix), modus (_MODE suffix), median (_MEDI suffix) apartment size, common area, living area, age of building, number of elevators, number of entrances, state of the building, number of floor",normalized,True,True,,candidate feature after normal preprocessing and leakage review
ENTRANCES_AVG,feature,float64,154828,0.503487680115508,285,application_{train|test}.csv,"Normalized information about building where the client lives, What is average (_AVG suffix), modus (_MODE suffix), median (_MEDI suffix) apartment size, common area, living area, age of building, number of elevators, number of entrances, state of the building, number of floor",normalized,True,True,,candidate feature after normal preprocessing and leakage review
FLOORSMAX_AVG,feature,float64,153020,0.4976082156410665,403,application_{train|test}.csv,"Normalized information about building where the client lives, What is average (_AVG suffix), modus (_MODE suffix), median (_MEDI suffix) apartment size, common area, living area, age of building, number of elevators, number of entrances, state of the building, number of floor",normalized,True,True,,candidate feature after normal preprocessing and leakage review
FLOORSMIN_AVG,feature,float64,208642,0.6784862980511266,305,application_{train|test}.csv,"Normalized information about building where the client lives, What is average (_AVG suffix), modus (_MODE suffix), median (_MEDI suffix) apartment size, common area, living area, age of building, number of elevators, number of entrances, state of the building, number of floor",normalized,True,True,,candidate feature after normal preprocessing and leakage review
LANDAREA_AVG,feature,float64,182590,0.5937673774271489,3527,application_{train|test}.csv,"Normalized information about building where the client lives, What is average (_AVG suffix), modus (_MODE suffix), median (_MEDI suffix) apartment size, common area, living area, age of building, number of elevators, number of entrances, state of the building, number of floor",normalized,True,True,,candidate feature after normal preprocessing and leakage review
LIVINGAPARTMENTS_AVG,feature,float64,210199,0.6835495315614726,1868,application_{train|test}.csv,"Normalized information about building where the client lives, What is average (_AVG suffix), modus (_MODE suffix), median (_MEDI suffix) apartment size, common area, living area, age of building, number of elevators, number of entrances, state of the building, number of floor",normalized,True,True,,candidate feature after normal preprocessing and leakage review
LIVINGAREA_AVG,feature,float64,154350,0.5019332641759157,5199,application_{train|test}.csv,"Normalized information about building where the client lives, What is average (_AVG suffix), modus (_MODE suffix), median (_MEDI suffix) apartment size, common area, living area, age of building, number of elevators, number of entrances, state of the building, number of floor",normalized,True,True,,candidate feature after normal preprocessing and leakage review
NONLIVINGAPARTMENTS_AVG,feature,float64,213514,0.6943296337366793,386,application_{train|test}.csv,"Normalized information about building where the client lives, What is average (_AVG suffix), modus (_MODE suffix), median (_MEDI suffix) apartment size, common area, living area, age of building, number of elevators, number of entrances, state of the building, number of floor",normalized,True,True,,candidate feature after normal preprocessing and leakage review
NONLIVINGAREA_AVG,feature,float64,169682,0.5517916432257708,3290,application_{train|test}.csv,"Normalized information about building where the client lives, What is average (_AVG suffix), modus (_MODE suffix), median (_MEDI suffix) apartment size, common area, living area, age of building, number of elevators, number of entrances, state of the building, number of floor",normalized,True,True,,candidate feature after normal preprocessing and leakage review
APARTMENTS_MODE,feature,float64,156061,0.5074972927797705,760,application_{train|test}.csv,"Normalized information about building where the client lives, What is average (_AVG suffix), modus (_MODE suffix), median (_MEDI suffix) apartment size, common area, living area, age of building, number of elevators, number of entrances, state of the building, number of floor",normalized,True,True,,candidate feature after normal preprocessing and leakage review
BASEMENTAREA_MODE,feature,float64,179943,0.5851595552679416,3841,application_{train|test}.csv,"Normalized information about building where the client lives, What is average (_AVG suffix), modus (_MODE suffix), median (_MEDI suffix) apartment size, common area, living area, age of building, number of elevators, number of entrances, state of the building, number of floor",normalized,True,True,,candidate feature after normal preprocessing and leakage review
YEARS_BEGINEXPLUATATION_MODE,feature,float64,150007,0.48781019215572774,221,application_{train|test}.csv,"Normalized information about building where the client lives, What is average (_AVG suffix), modus (_MODE suffix), median (_MEDI suffix) apartment size, common area, living area, age of building, number of elevators, number of entrances, state of the building, number of floor",normalized,True,True,,candidate feature after normal preprocessing and leakage review
YEARS_BUILD_MODE,feature,float64,204488,0.6649778381911542,154,application_{train|test}.csv,"Normalized information about building where the client lives, What is average (_AVG suffix), modus (_MODE suffix), median (_MEDI suffix) apartment size, common area, living area, age of building, number of elevators, number of entrances, state of the building, number of floor",normalized,True,True,,candidate feature after normal preprocessing and leakage review
COMMONAREA_MODE,feature,float64,214865,0.6987229725115525,3128,application_{train|test}.csv,"Normalized information about building where the client lives, What is average (_AVG suffix), modus (_MODE suffix), median (_MEDI suffix) apartment size, common area, living area, age of building, number of elevators, number of entrances, state of the building, number of floor",normalized,True,True,,candidate feature after normal preprocessing and leakage review
ELEVATORS_MODE,feature,float64,163891,0.532959796560123,26,application_{train|test}.csv,"Normalized information about building where the client lives, What is average (_AVG suffix), modus (_MODE suffix), median (_MEDI suffix) apartment size, common area, living area, age of building, number of elevators, number of entrances, state of the building, number of floor",normalized,True,True,,candidate feature after normal preprocessing and leakage review
ENTRANCES_MODE,feature,float64,154828,0.503487680115508,30,application_{train|test}.csv,"Normalized information about building where the client lives, What is average (_AVG suffix), modus (_MODE suffix), median (_MEDI suffix) apartment size, common area, living area, age of building, number of elevators, number of entrances, state of the building, number of floor",normalized,True,True,,candidate feature after normal preprocessing and leakage review
FLOORSMAX_MODE,feature,float64,153020,0.4976082156410665,25,application_{train|test}.csv,"Normalized information about building where the client lives, What is average (_AVG suffix), modus (_MODE suffix), median (_MEDI suffix) apartment size, common area, living area, age of building, number of elevators, number of entrances, state of the building, number of floor",normalized,True,True,,candidate feature after normal preprocessing and leakage review
FLOORSMIN_MODE,feature,float64,208642,0.6784862980511266,25,application_{train|test}.csv,"Normalized information about building where the client lives, What is average (_AVG suffix), modus (_MODE suffix), median (_MEDI suffix) apartment size, common area, living area, age of building, number of elevators, number of entrances, state of the building, number of floor",normalized,True,True,,candidate feature after normal preprocessing and leakage review
LANDAREA_MODE,feature,float64,182590,0.5937673774271489,3563,application_{train|test}.csv,"Normalized information about building where the client lives, What is average (_AVG suffix), modus (_MODE suffix), median (_MEDI suffix) apartment size, common area, living area, age of building, number of elevators, number of entrances, state of the building, number of floor",normalized,True,True,,candidate feature after normal preprocessing and leakage review
LIVINGAPARTMENTS_MODE,feature,float64,210199,0.6835495315614726,736,application_{train|test}.csv,"Normalized information about building where the client lives, What is average (_AVG suffix), modus (_MODE suffix), median (_MEDI suffix) apartment size, common area, living area, age of building, number of elevators, number of entrances, state of the building, number of floor",normalized,True,True,,candidate feature after normal preprocessing and leakage review
LIVINGAREA_MODE,feature,float64,154350,0.5019332641759157,5301,application_{train|test}.csv,"Normalized information about building where the client lives, What is average (_AVG suffix), modus (_MODE suffix), median (_MEDI suffix) apartment size, common area, living area, age of building, number of elevators, number of entrances, state of the building, number of floor",normalized,True,True,,candidate feature after normal preprocessing and leakage review
NONLIVINGAPARTMENTS_MODE,feature,float64,213514,0.6943296337366793,167,application_{train|test}.csv,"Normalized information about building where the client lives, What is average (_AVG suffix), modus (_MODE suffix), median (_MEDI suffix) apartment size, common area, living area, age of building, number of elevators, number of entrances, state of the building, number of floor",normalized,True,True,,candidate feature after normal preprocessing and leakage review
NONLIVINGAREA_MODE,feature,float64,169682,0.5517916432257708,3327,application_{train|test}.csv,"Normalized information about building where the client lives, What is average (_AVG suffix), modus (_MODE suffix), median (_MEDI suffix) apartment size, common area, living area, age of building, number of elevators, number of entrances, state of the building, number of floor",normalized,True,True,,candidate feature after normal preprocessing and leakage review
APARTMENTS_MEDI,feature,float64,156061,0.5074972927797705,1148,application_{train|test}.csv,"Normalized information about building where the client lives, What is average (_AVG suffix), modus (_MODE suffix), median (_MEDI suffix) apartment size, common area, living area, age of building, number of elevators, number of entrances, state of the building, number of floor",normalized,True,True,,candidate feature after normal preprocessing and leakage review
BASEMENTAREA_MEDI,feature,float64,179943,0.5851595552679416,3772,application_{train|test}.csv,"Normalized information about building where the client lives, What is average (_AVG suffix), modus (_MODE suffix), median (_MEDI suffix) apartment size, common area, living area, age of building, number of elevators, number of entrances, state of the building, number of floor",normalized,True,True,,candidate feature after normal preprocessing and leakage review
YEARS_BEGINEXPLUATATION_MEDI,feature,float64,150007,0.48781019215572774,245,application_{train|test}.csv,"Normalized information about building where the client lives, What is average (_AVG suffix), modus (_MODE suffix), median (_MEDI suffix) apartment size, common area, living area, age of building, number of elevators, number of entrances, state of the building, number of floor",normalized,True,True,,candidate feature after normal preprocessing and leakage review
YEARS_BUILD_MEDI,feature,float64,204488,0.6649778381911542,151,application_{train|test}.csv,"Normalized information about building where the client lives, What is average (_AVG suffix), modus (_MODE suffix), median (_MEDI suffix) apartment size, common area, living area, age of building, number of elevators, number of entrances, state of the building, number of floor",normalized,True,True,,candidate feature after normal preprocessing and leakage review
COMMONAREA_MEDI,feature,float64,214865,0.6987229725115525,3202,application_{train|test}.csv,"Normalized information about building where the client lives, What is average (_AVG suffix), modus (_MODE suffix), median (_MEDI suffix) apartment size, common area, living area, age of building, number of elevators, number of entrances, state of the building, number of floor",normalized,True,True,,candidate feature after normal preprocessing and leakage review
ELEVATORS_MEDI,feature,float64,163891,0.532959796560123,46,application_{train|test}.csv,"Normalized information about building where the client lives, What is average (_AVG suffix), modus (_MODE suffix), median (_MEDI suffix) apartment size, common area, living area, age of building, number of elevators, number of entrances, state of the building, number of floor",normalized,True,True,,candidate feature after normal preprocessing and leakage review
ENTRANCES_MEDI,feature,float64,154828,0.503487680115508,46,application_{train|test}.csv,"Normalized information about building where the client lives, What is average (_AVG suffix), modus (_MODE suffix), median (_MEDI suffix) apartment size, common area, living area, age of building, number of elevators, number of entrances, state of the building, number of floor",normalized,True,True,,candidate feature after normal preprocessing and leakage review
FLOORSMAX_MEDI,feature,float64,153020,0.4976082156410665,49,application_{train|test}.csv,"Normalized information about building where the client lives, What is average (_AVG suffix), modus (_MODE suffix), median (_MEDI suffix) apartment size, common area, living area, age of building, number of elevators, number of entrances, state of the building, number of floor",normalized,True,True,,candidate feature after normal preprocessing and leakage review
FLOORSMIN_MEDI,feature,float64,208642,0.6784862980511266,47,application_{train|test}.csv,"Normalized information about building where the client lives, What is average (_AVG suffix), modus (_MODE suffix), median (_MEDI suffix) apartment size, common area, living area, age of building, number of elevators, number of entrances, state of the building, number of floor",normalized,True,True,,candidate feature after normal preprocessing and leakage review
LANDAREA_MEDI,feature,float64,182590,0.5937673774271489,3560,application_{train|test}.csv,"Normalized information about building where the client lives, What is average (_AVG suffix), modus (_MODE suffix), median (_MEDI suffix) apartment size, common area, living area, age of building, number of elevators, number of entrances, state of the building, number of floor",normalized,True,True,,candidate feature after normal preprocessing and leakage review
LIVINGAPARTMENTS_MEDI,feature,float64,210199,0.6835495315614726,1097,application_{train|test}.csv,"Normalized information about building where the client lives, What is average (_AVG suffix), modus (_MODE suffix), median (_MEDI suffix) apartment size, common area, living area, age of building, number of elevators, number of entrances, state of the building, number of floor",normalized,True,True,,candidate feature after normal preprocessing and leakage review
LIVINGAREA_MEDI,feature,float64,154350,0.5019332641759157,5281,application_{train|test}.csv,"Normalized information about building where the client lives, What is average (_AVG suffix), modus (_MODE suffix), median (_MEDI suffix) apartment size, common area, living area, age of building, number of elevators, number of entrances, state of the building, number of floor",normalized,True,True,,candidate feature after normal preprocessing and leakage review
NONLIVINGAPARTMENTS_MEDI,feature,float64,213514,0.6943296337366793,214,application_{train|test}.csv,"Normalized information about building where the client lives, What is average (_AVG suffix), modus (_MODE suffix), median (_MEDI suffix) apartment size, common area, living area, age of building, number of elevators, number of entrances, state of the building, number of floor",normalized,True,True,,candidate feature after normal preprocessing and leakage review
NONLIVINGAREA_MEDI,feature,float64,169682,0.5517916432257708,3323,application_{train|test}.csv,"Normalized information about building where the client lives, What is average (_AVG suffix), modus (_MODE suffix), median (_MEDI suffix) apartment size, common area, living area, age of building, number of elevators, number of entrances, state of the building, number of floor",normalized,True,True,,candidate feature after normal preprocessing and leakage review
FONDKAPREMONT_MODE,feature,str,210295,0.6838617155158677,4,application_{train|test}.csv,"Normalized information about building where the client lives, What is average (_AVG suffix), modus (_MODE suffix), median (_MEDI suffix) apartment size, common area, living area, age of building, number of elevators, number of entrances, state of the building, number of floor",normalized,True,True,,candidate feature after normal preprocessing and leakage review
HOUSETYPE_MODE,feature,str,154297,0.50176091261776,3,application_{train|test}.csv,"Normalized information about building where the client lives, What is average (_AVG suffix), modus (_MODE suffix), median (_MEDI suffix) apartment size, common area, living area, age of building, number of elevators, number of entrances, state of the building, number of floor",normalized,True,True,,candidate feature after normal preprocessing and leakage review
TOTALAREA_MODE,feature,float64,148431,0.4826851722377411,5116,application_{train|test}.csv,"Normalized information about building where the client lives, What is average (_AVG suffix), modus (_MODE suffix), median (_MEDI suffix) apartment size, common area, living area, age of building, number of elevators, number of entrances, state of the building, number of floor",normalized,True,True,,candidate feature after normal preprocessing and leakage review
WALLSMATERIAL_MODE,feature,str,156341,0.508407829313423,7,application_{train|test}.csv,"Normalized information about building where the client lives, What is average (_AVG suffix), modus (_MODE suffix), median (_MEDI suffix) apartment size, common area, living area, age of building, number of elevators, number of entrances, state of the building, number of floor",normalized,True,True,,candidate feature after normal preprocessing and leakage review
EMERGENCYSTATE_MODE,feature,str,145755,0.47398304450897694,2,application_{train|test}.csv,"Normalized information about building where the client lives, What is average (_AVG suffix), modus (_MODE suffix), median (_MEDI suffix) apartment size, common area, living area, age of building, number of elevators, number of entrances, state of the building, number of floor",normalized,True,True,,candidate feature after normal preprocessing and leakage review
OBS_30_CNT_SOCIAL_CIRCLE,feature,float64,1021,0.0033202064316398437,33,application_{train|test}.csv,How many observation of client's social surroundings with observable 30 DPD (days past due) default,,True,True,,candidate feature after normal preprocessing and leakage review
DEF_30_CNT_SOCIAL_CIRCLE,feature,float64,1021,0.0033202064316398437,10,application_{train|test}.csv,How many observation of client's social surroundings defaulted on 30 DPD (days past due) ,,True,True,,candidate feature after normal preprocessing and leakage review
OBS_60_CNT_SOCIAL_CIRCLE,feature,float64,1021,0.0033202064316398437,33,application_{train|test}.csv,How many observation of client's social surroundings with observable 60 DPD (days past due) default,,True,True,,candidate feature after normal preprocessing and leakage review
DEF_60_CNT_SOCIAL_CIRCLE,feature,float64,1021,0.0033202064316398437,9,application_{train|test}.csv,How many observation of client's social surroundings defaulted on 60 (days past due) DPD,,True,True,,candidate feature after normal preprocessing and leakage review
DAYS_LAST_PHONE_CHANGE,feature,float64,1,3.2519161916159095e-06,3773,application_{train|test}.csv,How many days before application did client change phone,,True,True,,candidate feature after normal preprocessing and leakage review
FLAG_DOCUMENT_2,feature,int64,0,0.0,2,application_{train|test}.csv,Did client provide document 2,,True,True,,candidate feature after normal preprocessing and leakage review
FLAG_DOCUMENT_3,feature,int64,0,0.0,2,application_{train|test}.csv,Did client provide document 3,,True,True,,candidate feature after normal preprocessing and leakage review
FLAG_DOCUMENT_4,feature,int64,0,0.0,2,application_{train|test}.csv,Did client provide document 4,,True,True,,candidate feature after normal preprocessing and leakage review
FLAG_DOCUMENT_5,feature,int64,0,0.0,2,application_{train|test}.csv,Did client provide document 5,,True,True,,candidate feature after normal preprocessing and leakage review
FLAG_DOCUMENT_6,feature,int64,0,0.0,2,application_{train|test}.csv,Did client provide document 6,,True,True,,candidate feature after normal preprocessing and leakage review
FLAG_DOCUMENT_7,feature,int64,0,0.0,2,application_{train|test}.csv,Did client provide document 7,,True,True,,candidate feature after normal preprocessing and leakage review
FLAG_DOCUMENT_8,feature,int64,0,0.0,2,application_{train|test}.csv,Did client provide document 8,,True,True,,candidate feature after normal preprocessing and leakage review
FLAG_DOCUMENT_9,feature,int64,0,0.0,2,application_{train|test}.csv,Did client provide document 9,,True,True,,candidate feature after normal preprocessing and leakage review
FLAG_DOCUMENT_10,feature,int64,0,0.0,2,application_{train|test}.csv,Did client provide document 10,,True,True,,candidate feature after normal preprocessing and leakage review
FLAG_DOCUMENT_11,feature,int64,0,0.0,2,application_{train|test}.csv,Did client provide document 11,,True,True,,candidate feature after normal preprocessing and leakage review
FLAG_DOCUMENT_12,feature,int64,0,0.0,2,application_{train|test}.csv,Did client provide document 12,,True,True,,candidate feature after normal preprocessing and leakage review
FLAG_DOCUMENT_13,feature,int64,0,0.0,2,application_{train|test}.csv,Did client provide document 13,,True,True,,candidate feature after normal preprocessing and leakage review
FLAG_DOCUMENT_14,feature,int64,0,0.0,2,application_{train|test}.csv,Did client provide document 14,,True,True,,candidate feature after normal preprocessing and leakage review
FLAG_DOCUMENT_15,feature,int64,0,0.0,2,application_{train|test}.csv,Did client provide document 15,,True,True,,candidate feature after normal preprocessing and leakage review
FLAG_DOCUMENT_16,feature,int64,0,0.0,2,application_{train|test}.csv,Did client provide document 16,,True,True,,candidate feature after normal preprocessing and leakage review
FLAG_DOCUMENT_17,feature,int64,0,0.0,2,application_{train|test}.csv,Did client provide document 17,,True,True,,candidate feature after normal preprocessing and leakage review
FLAG_DOCUMENT_18,feature,int64,0,0.0,2,application_{train|test}.csv,Did client provide document 18,,True,True,,candidate feature after normal preprocessing and leakage review
FLAG_DOCUMENT_19,feature,int64,0,0.0,2,application_{train|test}.csv,Did client provide document 19,,True,True,,candidate feature after normal preprocessing and leakage review
FLAG_DOCUMENT_20,feature,int64,0,0.0,2,application_{train|test}.csv,Did client provide document 20,,True,True,,candidate feature after normal preprocessing and leakage review
FLAG_DOCUMENT_21,feature,int64,0,0.0,2,application_{train|test}.csv,Did client provide document 21,,True,True,,candidate feature after normal preprocessing and leakage review
AMT_REQ_CREDIT_BUREAU_HOUR,feature,float64,41519,0.13501630835970097,5,application_{train|test}.csv,Number of enquiries to Credit Bureau about the client one hour before application,,True,True,,candidate feature after normal preprocessing and leakage review
AMT_REQ_CREDIT_BUREAU_DAY,feature,float64,41519,0.13501630835970097,9,application_{train|test}.csv,Number of enquiries to Credit Bureau about the client one day before application (excluding one hour before application),,True,True,,candidate feature after normal preprocessing and leakage review
AMT_REQ_CREDIT_BUREAU_WEEK,feature,float64,41519,0.13501630835970097,9,application_{train|test}.csv,Number of enquiries to Credit Bureau about the client one week before application (excluding one day before application),,True,True,,candidate feature after normal preprocessing and leakage review
AMT_REQ_CREDIT_BUREAU_MON,feature,float64,41519,0.13501630835970097,24,application_{train|test}.csv,Number of enquiries to Credit Bureau about the client one month before application (excluding one week before application),,True,True,,candidate feature after normal preprocessing and leakage review
AMT_REQ_CREDIT_BUREAU_QRT,feature,float64,41519,0.13501630835970097,11,application_{train|test}.csv,Number of enquiries to Credit Bureau about the client 3 month before application (excluding one month before application),,True,True,,candidate feature after normal preprocessing and leakage review
AMT_REQ_CREDIT_BUREAU_YEAR,feature,float64,41519,0.13501630835970097,25,application_{train|test}.csv,Number of enquiries to Credit Bureau about the client one day year (excluding last 3 months before application),,True,True,,candidate feature after normal preprocessing and leakage review
DAYS_EMPLOYED_ANOMALY,feature,int8,0,0.0,2,derived_from_application_{train|test}.csv,Derived flag: raw DAYS_EMPLOYED used Home Credit's 365243 sentinel for missing employment history.,project_derived,False,False,1 if raw DAYS_EMPLOYED == 365243 else 0,candidate feature; keep as an anomaly/missingness indicator
credit_income_ratio,feature,float64,0,0.0,48697,derived_from_application_{train|test}.csv,Derived feature: credit amount divided by applicant income.,project_derived,False,False,AMT_CREDIT / AMT_INCOME_TOTAL,candidate feature; recompute from application train/test fields before modeling
annuity_income_ratio,feature,float64,12,3.9022994299390916e-05,88811,derived_from_application_{train|test}.csv,Derived feature: loan annuity divided by applicant income.,project_derived,False,False,AMT_ANNUITY / AMT_INCOME_TOTAL,candidate feature; recompute from application train/test fields before modeling
goods_credit_ratio,feature,float64,278,0.0009040327012692228,3066,derived_from_application_{train|test}.csv,Derived feature: goods price divided by credit amount.,project_derived,False,False,AMT_GOODS_PRICE / AMT_CREDIT,candidate feature; recompute from application train/test fields before modeling
employment_age_ratio,feature,float64,55374,0.18007160719453938,249434,derived_from_application_{train|test}.csv,"Derived feature: employment days divided by birth days, both relative to application date.",project_derived,False,False,DAYS_EMPLOYED / DAYS_BIRTH,candidate feature; recompute from application train/test fields before modeling
