model_family,source_model,selection_split,roc_auc,pr_auc,precision,recall,f1,threshold,tn,fp,fn,tp
lightgbm,stage5_lightgbm_raw_gpu,valid,0.7641809727961154,0.2569212584816172,0.08281688884925766,0.9975832438238453,0.15293730188135524,0.01,1260,41143,9,3715
lightgbm,stage5_lightgbm_raw_gpu,valid,0.7641809727961154,0.2569212584816172,0.09276366435719785,0.9707303974221267,0.1693446385909027,0.02,7048,35355,109,3615
lightgbm,stage5_lightgbm_raw_gpu,valid,0.7641809727961154,0.2569212584816172,0.10650018362100624,0.9344790547798066,0.1912087912087912,0.03,13207,29196,244,3480
lightgbm,stage5_lightgbm_raw_gpu,valid,0.7641809727961154,0.2569212584816172,0.11941867207886343,0.8848012889366272,0.21043556009707498,0.04,18106,24297,429,3295
lightgbm,stage5_lightgbm_raw_gpu,valid,0.7641809727961154,0.2569212584816172,0.1330523268190914,0.8391514500537057,0.22968652383227373,0.05,22041,20362,599,3125
lightgbm,stage5_lightgbm_raw_gpu,valid,0.7641809727961154,0.2569212584816172,0.14479794486710798,0.7870569280343717,0.24459651172494368,0.06,25092,17311,793,2931
lightgbm,stage5_lightgbm_raw_gpu,valid,0.7641809727961154,0.2569212584816172,0.15647574085660657,0.7387218045112782,0.2582492372682469,0.07,27573,14830,973,2751
lightgbm,stage5_lightgbm_raw_gpu,valid,0.7641809727961154,0.2569212584816172,0.1673522690173033,0.6882384532760473,0.2692368296654236,0.08,29651,12752,1161,2563
lightgbm,stage5_lightgbm_raw_gpu,valid,0.7641809727961154,0.2569212584816172,0.17865671641791045,0.6428571428571429,0.27960756832515765,0.09,31397,11006,1330,2394
lightgbm,stage5_lightgbm_raw_gpu,valid,0.7641809727961154,0.2569212584816172,0.19094153636981645,0.6033834586466166,0.2900852052672347,0.1,32882,9521,1477,2247
lightgbm,stage5_lightgbm_raw_gpu,valid,0.7641809727961154,0.2569212584816172,0.2022256331542594,0.5660580021482277,0.2979926491376873,0.11,34087,8316,1616,2108
lightgbm,stage5_lightgbm_raw_gpu,valid,0.7641809727961154,0.2569212584816172,0.2131979695431472,0.5300751879699248,0.3040899637988138,0.12,35118,7285,1750,1974
lightgbm,stage5_lightgbm_raw_gpu,valid,0.7641809727961154,0.2569212584816172,0.22375423318819546,0.4967776584317938,0.3085390260173449,0.13,35985,6418,1874,1850
lightgbm,stage5_lightgbm_raw_gpu,valid,0.7641809727961154,0.2569212584816172,0.235038084874864,0.4640171858216971,0.3120260021668472,0.14,36779,5624,1996,1728
lightgbm,stage5_lightgbm_raw_gpu,valid,0.7641809727961154,0.2569212584816172,0.244599939154244,0.4317937701396348,0.312293649252282,0.15,37437,4966,2116,1608
lightgbm,stage5_lightgbm_raw_gpu,valid,0.7641809727961154,0.2569212584816172,0.25708432912256746,0.40440386680988183,0.3143393863494051,0.16,38051,4352,2218,1506
lightgbm,stage5_lightgbm_raw_gpu,valid,0.7641809727961154,0.2569212584816172,0.2689655172413793,0.3770139634801289,0.313953488372093,0.17,38587,3816,2320,1404
lightgbm,stage5_lightgbm_raw_gpu,valid,0.7641809727961154,0.2569212584816172,0.28289473684210525,0.3579484425349087,0.3160265528686581,0.18,39024,3379,2391,1333
lightgbm,stage5_lightgbm_raw_gpu,valid,0.7641809727961154,0.2569212584816172,0.29700401037980656,0.33807733619763697,0.31621248273263847,0.19,39423,2980,2465,1259
lightgbm,stage5_lightgbm_raw_gpu,valid,0.7641809727961154,0.2569212584816172,0.30779357556608744,0.31390977443609025,0.31082159000265885,0.2,39774,2629,2555,1169
lightgbm,stage5_lightgbm_raw_gpu,valid,0.7641809727961154,0.2569212584816172,0.3205950991831972,0.2951127819548872,0.30732662192393734,0.21,40074,2329,2625,1099
lightgbm,stage5_lightgbm_raw_gpu,valid,0.7641809727961154,0.2569212584816172,0.33322591040928135,0.27765843179377014,0.3029148967335579,0.22,40334,2069,2690,1034
lightgbm,stage5_lightgbm_raw_gpu,valid,0.7641809727961154,0.2569212584816172,0.3408929836995039,0.25832438238453276,0.2939199511151848,0.23,40543,1860,2762,962
lightgbm,stage5_lightgbm_raw_gpu,valid,0.7641809727961154,0.2569212584816172,0.3508017207665233,0.2408700322234157,0.2856233083903837,0.24,40743,1660,2827,897
lightgbm,stage5_lightgbm_raw_gpu,valid,0.7641809727961154,0.2569212584816172,0.3577306193157211,0.22180451127819548,0.2738272832753191,0.25,40920,1483,2898,826
lightgbm,stage5_lightgbm_raw_gpu,valid,0.7641809727961154,0.2569212584816172,0.3605212355212355,0.2005907626208378,0.2577639751552795,0.26,41078,1325,2977,747
lightgbm,stage5_lightgbm_raw_gpu,valid,0.7641809727961154,0.2569212584816172,0.371931696905016,0.1871643394199785,0.24901750625223293,0.27,41226,1177,3027,697
lightgbm,stage5_lightgbm_raw_gpu,valid,0.7641809727961154,0.2569212584816172,0.37572590011614404,0.17373791621911922,0.23760558207858978,0.28,41328,1075,3077,647
lightgbm,stage5_lightgbm_raw_gpu,valid,0.7641809727961154,0.2569212584816172,0.3879746835443038,0.1646079484425349,0.23114630467571645,0.29,41436,967,3111,613
lightgbm,stage5_lightgbm_raw_gpu,valid,0.7641809727961154,0.2569212584816172,0.39986043265875787,0.15386680988184748,0.2222222222222222,0.3,41543,860,3151,573
lightgbm,stage5_lightgbm_raw_gpu,valid,0.7641809727961154,0.2569212584816172,0.41035548686244205,0.14258861439312567,0.21163810282981269,0.31,41640,763,3193,531
lightgbm,stage5_lightgbm_raw_gpu,valid,0.7641809727961154,0.2569212584816172,0.4174428450465707,0.1323845327604726,0.20101936799184505,0.32,41715,688,3231,493
lightgbm,stage5_lightgbm_raw_gpu,valid,0.7641809727961154,0.2569212584816172,0.43059490084985835,0.12244897959183673,0.19067530838385952,0.33,41800,603,3268,456
lightgbm,stage5_lightgbm_raw_gpu,valid,0.7641809727961154,0.2569212584816172,0.43912591050988553,0.11331901181525242,0.18014941302027748,0.34,41864,539,3302,422
lightgbm,stage5_lightgbm_raw_gpu,valid,0.7641809727961154,0.2569212584816172,0.4460093896713615,0.10204081632653061,0.1660839160839161,0.35,41931,472,3344,380
lightgbm,stage5_lightgbm_raw_gpu,valid,0.7641809727961154,0.2569212584816172,0.44502617801047123,0.09129967776584318,0.15151515151515152,0.36,41979,424,3384,340
lightgbm,stage5_lightgbm_raw_gpu,valid,0.7641809727961154,0.2569212584816172,0.4566813509544787,0.08351235230934478,0.14120317820658343,0.37,42033,370,3413,311
lightgbm,stage5_lightgbm_raw_gpu,valid,0.7641809727961154,0.2569212584816172,0.4560530679933665,0.0738453276047261,0.12710885139819736,0.38,42075,328,3449,275
lightgbm,stage5_lightgbm_raw_gpu,valid,0.7641809727961154,0.2569212584816172,0.474671669793621,0.06793770139634801,0.11886304909560723,0.39,42123,280,3471,253
lightgbm,stage5_lightgbm_raw_gpu,valid,0.7641809727961154,0.2569212584816172,0.48333333333333334,0.06229860365198711,0.11037107516650808,0.4,42155,248,3492,232
lightgbm,stage5_lightgbm_raw_gpu,valid,0.7641809727961154,0.2569212584816172,0.4825174825174825,0.055585392051557464,0.09968697327233325,0.41,42181,222,3517,207
lightgbm,stage5_lightgbm_raw_gpu,valid,0.7641809727961154,0.2569212584816172,0.506426735218509,0.05290010741138561,0.09579382445903234,0.42,42211,192,3527,197
lightgbm,stage5_lightgbm_raw_gpu,valid,0.7641809727961154,0.2569212584816172,0.5114942528735632,0.04779806659505908,0.08742632612966601,0.43,42233,170,3546,178
lightgbm,stage5_lightgbm_raw_gpu,valid,0.7641809727961154,0.2569212584816172,0.5344262295081967,0.04377013963480129,0.08091337800943162,0.44,42261,142,3561,163
lightgbm,stage5_lightgbm_raw_gpu,valid,0.7641809727961154,0.2569212584816172,0.5410447761194029,0.03893662728249194,0.07264529058116233,0.45,42280,123,3579,145
lightgbm,stage5_lightgbm_raw_gpu,valid,0.7641809727961154,0.2569212584816172,0.5371900826446281,0.03490870032223416,0.06555723651033787,0.46,42291,112,3594,130
lightgbm,stage5_lightgbm_raw_gpu,valid,0.7641809727961154,0.2569212584816172,0.5424528301886793,0.03088077336197637,0.058434959349593495,0.47,42306,97,3609,115
lightgbm,stage5_lightgbm_raw_gpu,valid,0.7641809727961154,0.2569212584816172,0.5513513513513514,0.027389903329752954,0.052187260168841135,0.48,42320,83,3622,102
lightgbm,stage5_lightgbm_raw_gpu,valid,0.7641809727961154,0.2569212584816172,0.5568862275449101,0.02497314715359828,0.047802621434078645,0.49,42329,74,3631,93
lightgbm,stage5_lightgbm_raw_gpu,valid,0.7641809727961154,0.2569212584816172,0.5763888888888888,0.02228786251342642,0.042916235780765255,0.5,42342,61,3641,83
lightgbm,stage5_lightgbm_raw_gpu,valid,0.7641809727961154,0.2569212584816172,0.5725806451612904,0.019065520945220193,0.036902286902286904,0.51,42350,53,3653,71
lightgbm,stage5_lightgbm_raw_gpu,valid,0.7641809727961154,0.2569212584816172,0.5825242718446602,0.01611170784103115,0.03135615364515286,0.52,42360,43,3664,60
lightgbm,stage5_lightgbm_raw_gpu,valid,0.7641809727961154,0.2569212584816172,0.6067415730337079,0.014500537056928034,0.02832415420928403,0.53,42368,35,3670,54
lightgbm,stage5_lightgbm_raw_gpu,valid,0.7641809727961154,0.2569212584816172,0.631578947368421,0.01288936627282492,0.02526315789473684,0.54,42375,28,3676,48
lightgbm,stage5_lightgbm_raw_gpu,valid,0.7641809727961154,0.2569212584816172,0.6615384615384615,0.01154672395273899,0.022697281604645025,0.55,42381,22,3681,43
lightgbm,stage5_lightgbm_raw_gpu,valid,0.7641809727961154,0.2569212584816172,0.6896551724137931,0.010741138560687433,0.021152829190904283,0.56,42385,18,3684,40
lightgbm,stage5_lightgbm_raw_gpu,valid,0.7641809727961154,0.2569212584816172,0.6666666666666666,0.008592910848549946,0.016967126193001062,0.57,42387,16,3692,32
lightgbm,stage5_lightgbm_raw_gpu,valid,0.7641809727961154,0.2569212584816172,0.6666666666666666,0.006981740064446832,0.013818761626361946,0.58,42390,13,3698,26
lightgbm,stage5_lightgbm_raw_gpu,valid,0.7641809727961154,0.2569212584816172,0.6666666666666666,0.005907626208378088,0.011711471919084376,0.59,42392,11,3702,22
lightgbm,stage5_lightgbm_raw_gpu,valid,0.7641809727961154,0.2569212584816172,0.6666666666666666,0.004833512352309345,0.00959744068248467,0.6,42394,9,3706,18
lightgbm,stage5_lightgbm_raw_gpu,valid,0.7641809727961154,0.2569212584816172,0.75,0.004027926960257788,0.008012820512820512,0.61,42398,5,3709,15
lightgbm,stage5_lightgbm_raw_gpu,valid,0.7641809727961154,0.2569212584816172,0.7333333333333333,0.002953813104189044,0.005883926183471516,0.62,42399,4,3713,11
lightgbm,stage5_lightgbm_raw_gpu,valid,0.7641809727961154,0.2569212584816172,0.6923076923076923,0.0024167561761546724,0.004816697886004816,0.63,42399,4,3715,9
lightgbm,stage5_lightgbm_raw_gpu,valid,0.7641809727961154,0.2569212584816172,0.7777777777777778,0.0018796992481203006,0.003750334851326011,0.64,42401,2,3717,7
lightgbm,stage5_lightgbm_raw_gpu,valid,0.7641809727961154,0.2569212584816172,0.75,0.001611170784103115,0.003215434083601286,0.65,42401,2,3718,6
lightgbm,stage5_lightgbm_raw_gpu,valid,0.7641809727961154,0.2569212584816172,0.75,0.001611170784103115,0.003215434083601286,0.66,42401,2,3718,6
lightgbm,stage5_lightgbm_raw_gpu,valid,0.7641809727961154,0.2569212584816172,0.7142857142857143,0.0013426423200859291,0.002680246582685607,0.67,42401,2,3719,5
lightgbm,stage5_lightgbm_raw_gpu,valid,0.7641809727961154,0.2569212584816172,0.6,0.0008055853920515575,0.0016090104585679806,0.68,42401,2,3721,3
lightgbm,stage5_lightgbm_raw_gpu,valid,0.7641809727961154,0.2569212584816172,0.5,0.0005370569280343716,0.001072961373390558,0.69,42401,2,3722,2
lightgbm,stage5_lightgbm_raw_gpu,valid,0.7641809727961154,0.2569212584816172,0.3333333333333333,0.0002685284640171858,0.0005366246310705661,0.7,42401,2,3723,1
lightgbm,stage5_lightgbm_raw_gpu,valid,0.7641809727961154,0.2569212584816172,0.0,0.0,0.0,0.71,42401,2,3724,0
lightgbm,stage5_lightgbm_raw_gpu,valid,0.7641809727961154,0.2569212584816172,0.0,0.0,0.0,0.72,42401,2,3724,0
lightgbm,stage5_lightgbm_raw_gpu,valid,0.7641809727961154,0.2569212584816172,0.0,0.0,0.0,0.73,42402,1,3724,0
lightgbm,stage5_lightgbm_raw_gpu,valid,0.7641809727961154,0.2569212584816172,0.0,0.0,0.0,0.74,42402,1,3724,0
lightgbm,stage5_lightgbm_raw_gpu,valid,0.7641809727961154,0.2569212584816172,0.0,0.0,0.0,0.75,42403,0,3724,0
lightgbm,stage5_lightgbm_raw_gpu,valid,0.7641809727961154,0.2569212584816172,0.0,0.0,0.0,0.76,42403,0,3724,0
lightgbm,stage5_lightgbm_raw_gpu,valid,0.7641809727961154,0.2569212584816172,0.0,0.0,0.0,0.77,42403,0,3724,0
lightgbm,stage5_lightgbm_raw_gpu,valid,0.7641809727961154,0.2569212584816172,0.0,0.0,0.0,0.78,42403,0,3724,0
lightgbm,stage5_lightgbm_raw_gpu,valid,0.7641809727961154,0.2569212584816172,0.0,0.0,0.0,0.79,42403,0,3724,0
lightgbm,stage5_lightgbm_raw_gpu,valid,0.7641809727961154,0.2569212584816172,0.0,0.0,0.0,0.8,42403,0,3724,0
lightgbm,stage5_lightgbm_raw_gpu,valid,0.7641809727961154,0.2569212584816172,0.0,0.0,0.0,0.81,42403,0,3724,0
lightgbm,stage5_lightgbm_raw_gpu,valid,0.7641809727961154,0.2569212584816172,0.0,0.0,0.0,0.82,42403,0,3724,0
lightgbm,stage5_lightgbm_raw_gpu,valid,0.7641809727961154,0.2569212584816172,0.0,0.0,0.0,0.83,42403,0,3724,0
lightgbm,stage5_lightgbm_raw_gpu,valid,0.7641809727961154,0.2569212584816172,0.0,0.0,0.0,0.84,42403,0,3724,0
lightgbm,stage5_lightgbm_raw_gpu,valid,0.7641809727961154,0.2569212584816172,0.0,0.0,0.0,0.85,42403,0,3724,0
lightgbm,stage5_lightgbm_raw_gpu,valid,0.7641809727961154,0.2569212584816172,0.0,0.0,0.0,0.86,42403,0,3724,0
lightgbm,stage5_lightgbm_raw_gpu,valid,0.7641809727961154,0.2569212584816172,0.0,0.0,0.0,0.87,42403,0,3724,0
lightgbm,stage5_lightgbm_raw_gpu,valid,0.7641809727961154,0.2569212584816172,0.0,0.0,0.0,0.88,42403,0,3724,0
lightgbm,stage5_lightgbm_raw_gpu,valid,0.7641809727961154,0.2569212584816172,0.0,0.0,0.0,0.89,42403,0,3724,0
lightgbm,stage5_lightgbm_raw_gpu,valid,0.7641809727961154,0.2569212584816172,0.0,0.0,0.0,0.9,42403,0,3724,0
lightgbm,stage5_lightgbm_raw_gpu,valid,0.7641809727961154,0.2569212584816172,0.0,0.0,0.0,0.91,42403,0,3724,0
lightgbm,stage5_lightgbm_raw_gpu,valid,0.7641809727961154,0.2569212584816172,0.0,0.0,0.0,0.92,42403,0,3724,0
lightgbm,stage5_lightgbm_raw_gpu,valid,0.7641809727961154,0.2569212584816172,0.0,0.0,0.0,0.93,42403,0,3724,0
lightgbm,stage5_lightgbm_raw_gpu,valid,0.7641809727961154,0.2569212584816172,0.0,0.0,0.0,0.94,42403,0,3724,0
lightgbm,stage5_lightgbm_raw_gpu,valid,0.7641809727961154,0.2569212584816172,0.0,0.0,0.0,0.95,42403,0,3724,0
lightgbm,stage5_lightgbm_raw_gpu,valid,0.7641809727961154,0.2569212584816172,0.0,0.0,0.0,0.96,42403,0,3724,0
lightgbm,stage5_lightgbm_raw_gpu,valid,0.7641809727961154,0.2569212584816172,0.0,0.0,0.0,0.97,42403,0,3724,0
lightgbm,stage5_lightgbm_raw_gpu,valid,0.7641809727961154,0.2569212584816172,0.0,0.0,0.0,0.98,42403,0,3724,0
lightgbm,stage5_lightgbm_raw_gpu,valid,0.7641809727961154,0.2569212584816172,0.0,0.0,0.0,0.99,42403,0,3724,0
xgboost,stage5_xgboost_raw_cuda,valid,0.7645585484003384,0.25731774941184415,0.08273910330689009,0.9970461868958109,0.15279835390946503,0.01,1240,41163,11,3713
xgboost,stage5_xgboost_raw_cuda,valid,0.7645585484003384,0.25731774941184415,0.09200752950752951,0.9712674543501612,0.1680918300957338,0.02,6708,35695,107,3617
xgboost,stage5_xgboost_raw_cuda,valid,0.7645585484003384,0.25731774941184415,0.1048110997657517,0.9371643394199786,0.18853654583761006,0.03,12595,29808,234,3490
xgboost,stage5_xgboost_raw_cuda,valid,0.7645585484003384,0.25731774941184415,0.11686291149535023,0.8874865735767992,0.20653022965161694,0.04,17427,24976,419,3305
xgboost,stage5_xgboost_raw_cuda,valid,0.7645585484003384,0.25731774941184415,0.13018242122719734,0.8431793770139635,0.22554230713977877,0.05,21423,20980,584,3140
xgboost,stage5_xgboost_raw_cuda,valid,0.7645585484003384,0.25731774941184415,0.14288450488412183,0.8012889366272825,0.2425227568270481,0.06,24503,17900,740,2984
xgboost,stage5_xgboost_raw_cuda,valid,0.7645585484003384,0.25731774941184415,0.15349687136607787,0.7443609022556391,0.2545103980168021,0.07,27116,15287,952,2772
xgboost,stage5_xgboost_raw_cuda,valid,0.7645585484003384,0.25731774941184415,0.16562698917886695,0.6987110633727175,0.2677781208191829,0.08,29295,13108,1122,2602
xgboost,stage5_xgboost_raw_cuda,valid,0.7645585484003384,0.25731774941184415,0.17676987934292776,0.6530612244897959,0.27822903557945317,0.09,31077,11326,1292,2432
xgboost,stage5_xgboost_raw_cuda,valid,0.7645585484003384,0.25731774941184415,0.18800099165358236,0.6109022556390977,0.28751974723538704,0.1,32577,9826,1449,2275
xgboost,stage5_xgboost_raw_cuda,valid,0.7645585484003384,0.25731774941184415,0.19960418433700877,0.5687432867883996,0.2955005231949773,0.11,33910,8493,1606,2118
xgboost,stage5_xgboost_raw_cuda,valid,0.7645585484003384,0.25731774941184415,0.21250132879770384,0.5367883995703545,0.30447033736958345,0.12,34995,7408,1725,1999
xgboost,stage5_xgboost_raw_cuda,valid,0.7645585484003384,0.25731774941184415,0.2236983842010772,0.5018796992481203,0.3094627038662141,0.13,35917,6486,1855,1869
xgboost,stage5_xgboost_raw_cuda,valid,0.7645585484003384,0.25731774941184415,0.23529411764705882,0.47046186895810954,0.3136974037600716,0.14,36709,5694,1972,1752
xgboost,stage5_xgboost_raw_cuda,valid,0.7645585484003384,0.25731774941184415,0.24804098854731765,0.44199785177228784,0.31776061776061776,0.15,37413,4990,2078,1646
xgboost,stage5_xgboost_raw_cuda,valid,0.7645585484003384,0.25731774941184415,0.2589817810318406,0.40843179377013966,0.3169740543919975,0.16,38051,4352,2203,1521
xgboost,stage5_xgboost_raw_cuda,valid,0.7645585484003384,0.25731774941184415,0.27010506208213947,0.37969924812030076,0.3156602299363768,0.17,38582,3821,2310,1414
xgboost,stage5_xgboost_raw_cuda,valid,0.7645585484003384,0.25731774941184415,0.2847088931541907,0.35848549946294306,0.3173659812195412,0.18,39049,3354,2389,1335
xgboost,stage5_xgboost_raw_cuda,valid,0.7645585484003384,0.25731774941184415,0.298254006218608,0.33485499462943075,0.3154965211891208,0.19,39469,2934,2477,1247
xgboost,stage5_xgboost_raw_cuda,valid,0.7645585484003384,0.25731774941184415,0.3128654970760234,0.3160580021482277,0.31445364680737375,0.2,39818,2585,2547,1177
xgboost,stage5_xgboost_raw_cuda,valid,0.7645585484003384,0.25731774941184415,0.32277169084986673,0.29269602577873255,0.3069990142233488,0.21,40116,2287,2634,1090
xgboost,stage5_xgboost_raw_cuda,valid,0.7645585484003384,0.25731774941184415,0.33663693425834157,0.27363050483351237,0.30188120278477265,0.22,40395,2008,2705,1019
xgboost,stage5_xgboost_raw_cuda,valid,0.7645585484003384,0.25731774941184415,0.3471104608632041,0.25483351235230933,0.2938990399504491,0.23,40618,1785,2775,949
xgboost,stage5_xgboost_raw_cuda,valid,0.7645585484003384,0.25731774941184415,0.3575487012987013,0.2365735767991407,0.28474466709760826,0.24,40820,1583,2843,881
xgboost,stage5_xgboost_raw_cuda,valid,0.7645585484003384,0.25731774941184415,0.365036231884058,0.21643394199785176,0.2717464598786244,0.25,41001,1402,2918,806
xgboost,stage5_xgboost_raw_cuda,valid,0.7645585484003384,0.25731774941184415,0.3782565130260521,0.2027389903329753,0.263986013986014,0.26,41162,1241,2969,755
xgboost,stage5_xgboost_raw_cuda,valid,0.7645585484003384,0.25731774941184415,0.38406198118428336,0.18635875402792695,0.25094919544386185,0.27,41290,1113,3030,694
xgboost,stage5_xgboost_raw_cuda,valid,0.7645585484003384,0.25731774941184415,0.39061547836684946,0.1721267454350161,0.23895619757688724,0.28,41403,1000,3083,641
xgboost,stage5_xgboost_raw_cuda,valid,0.7645585484003384,0.25731774941184415,0.39823609226594303,0.15762620837808808,0.22585609849942284,0.29,41516,887,3137,587
xgboost,stage5_xgboost_raw_cuda,valid,0.7645585484003384,0.25731774941184415,0.39878695981804396,0.14124597207303974,0.20860598849890938,0.3,41610,793,3198,526
xgboost,stage5_xgboost_raw_cuda,valid,0.7645585484003384,0.25731774941184415,0.4091680814940577,0.12943071965628355,0.1966544267645859,0.31,41707,696,3242,482
xgboost,stage5_xgboost_raw_cuda,valid,0.7645585484003384,0.25731774941184415,0.42218080149114634,0.12164339419978518,0.1888680425265791,0.32,41783,620,3271,453
xgboost,stage5_xgboost_raw_cuda,valid,0.7645585484003384,0.25731774941184415,0.4317948717948718,0.11305048335123523,0.17918706107682486,0.33,41849,554,3303,421
xgboost,stage5_xgboost_raw_cuda,valid,0.7645585484003384,0.25731774941184415,0.43859649122807015,0.10069817400644468,0.16379122079056563,0.34,41923,480,3349,375
xgboost,stage5_xgboost_raw_cuda,valid,0.7645585484003384,0.25731774941184415,0.4417989417989418,0.08968850698174007,0.14910714285714285,0.35,41981,422,3390,334
xgboost,stage5_xgboost_raw_cuda,valid,0.7645585484003384,0.25731774941184415,0.45209580838323354,0.08109559613319012,0.13752276867030966,0.36,42037,366,3422,302
xgboost,stage5_xgboost_raw_cuda,valid,0.7645585484003384,0.25731774941184415,0.4641638225255973,0.07303974221267455,0.12621809744779583,0.37,42089,314,3452,272
xgboost,stage5_xgboost_raw_cuda,valid,0.7645585484003384,0.25731774941184415,0.4682080924855491,0.06525241675617616,0.11454159792599576,0.38,42127,276,3481,243
xgboost,stage5_xgboost_raw_cuda,valid,0.7645585484003384,0.25731774941184415,0.47844827586206895,0.059613319011815255,0.10601719197707736,0.39,42161,242,3502,222
xgboost,stage5_xgboost_raw_cuda,valid,0.7645585484003384,0.25731774941184415,0.4975845410628019,0.05531686358754028,0.09956500724987917,0.4,42195,208,3518,206
xgboost,stage5_xgboost_raw_cuda,valid,0.7645585484003384,0.25731774941184415,0.5,0.04914070891514501,0.08948655256723716,0.41,42220,183,3541,183
xgboost,stage5_xgboost_raw_cuda,valid,0.7645585484003384,0.25731774941184415,0.515527950310559,0.04457572502685284,0.08205635195254572,0.42,42247,156,3558,166
xgboost,stage5_xgboost_raw_cuda,valid,0.7645585484003384,0.25731774941184415,0.5186440677966102,0.04108485499462943,0.07613834287136104,0.43,42261,142,3571,153
xgboost,stage5_xgboost_raw_cuda,valid,0.7645585484003384,0.25731774941184415,0.5384615384615384,0.03759398496240601,0.07028112449799197,0.44,42283,120,3584,140
xgboost,stage5_xgboost_raw_cuda,valid,0.7645585484003384,0.25731774941184415,0.5347826086956522,0.033029001074113856,0.0622154779969651,0.45,42296,107,3601,123
xgboost,stage5_xgboost_raw_cuda,valid,0.7645585484003384,0.25731774941184415,0.5495049504950495,0.029806659505907628,0.056546102903718795,0.46,42312,91,3613,111
xgboost,stage5_xgboost_raw_cuda,valid,0.7645585484003384,0.25731774941184415,0.554945054945055,0.027121374865735768,0.051715309779825906,0.47,42322,81,3623,101
xgboost,stage5_xgboost_raw_cuda,valid,0.7645585484003384,0.25731774941184415,0.5828220858895705,0.025510204081632654,0.04888088500128634,0.48,42335,68,3629,95
xgboost,stage5_xgboost_raw_cuda,valid,0.7645585484003384,0.25731774941184415,0.5862068965517241,0.022824919441460794,0.043939002326182475,0.49,42343,60,3639,85
xgboost,stage5_xgboost_raw_cuda,valid,0.7645585484003384,0.25731774941184415,0.5901639344262295,0.01933404940923738,0.0374414976599064,0.5,42353,50,3652,72
xgboost,stage5_xgboost_raw_cuda,valid,0.7645585484003384,0.25731774941184415,0.6288659793814433,0.016380236305048337,0.03192881444647998,0.51,42367,36,3663,61
xgboost,stage5_xgboost_raw_cuda,valid,0.7645585484003384,0.25731774941184415,0.6585365853658537,0.014500537056928034,0.02837624802942722,0.52,42375,28,3670,54
xgboost,stage5_xgboost_raw_cuda,valid,0.7645585484003384,0.25731774941184415,0.6666666666666666,0.012352309344790547,0.024255206960189825,0.53,42380,23,3678,46
xgboost,stage5_xgboost_raw_cuda,valid,0.7645585484003384,0.25731774941184415,0.6724137931034483,0.010472610096670247,0.020624008461131677,0.54,42384,19,3685,39
xgboost,stage5_xgboost_raw_cuda,valid,0.7645585484003384,0.25731774941184415,0.6086956521739131,0.007518796992481203,0.014854111405835544,0.55,42385,18,3696,28
xgboost,stage5_xgboost_raw_cuda,valid,0.7645585484003384,0.25731774941184415,0.625,0.006713211600429645,0.013283740701381509,0.56,42388,15,3699,25
xgboost,stage5_xgboost_raw_cuda,valid,0.7645585484003384,0.25731774941184415,0.6060606060606061,0.0053705692803437165,0.010646792653713068,0.57,42390,13,3704,20
xgboost,stage5_xgboost_raw_cuda,valid,0.7645585484003384,0.25731774941184415,0.64,0.004296455424274973,0.008535609495865563,0.58,42394,9,3708,16
xgboost,stage5_xgboost_raw_cuda,valid,0.7645585484003384,0.25731774941184415,0.5882352941176471,0.0026852846401718583,0.005346164127238706,0.59,42396,7,3714,10
xgboost,stage5_xgboost_raw_cuda,valid,0.7645585484003384,0.25731774941184415,0.6363636363636364,0.0018796992481203006,0.003748326639892905,0.6,42399,4,3717,7
xgboost,stage5_xgboost_raw_cuda,valid,0.7645585484003384,0.25731774941184415,0.75,0.001611170784103115,0.003215434083601286,0.61,42401,2,3718,6
xgboost,stage5_xgboost_raw_cuda,valid,0.7645585484003384,0.25731774941184415,0.6,0.0008055853920515575,0.0016090104585679806,0.62,42401,2,3721,3
xgboost,stage5_xgboost_raw_cuda,valid,0.7645585484003384,0.25731774941184415,0.5,0.0005370569280343716,0.001072961373390558,0.63,42401,2,3722,2
xgboost,stage5_xgboost_raw_cuda,valid,0.7645585484003384,0.25731774941184415,0.5,0.0005370569280343716,0.001072961373390558,0.64,42401,2,3722,2
xgboost,stage5_xgboost_raw_cuda,valid,0.7645585484003384,0.25731774941184415,0.3333333333333333,0.0002685284640171858,0.0005366246310705661,0.65,42401,2,3723,1
xgboost,stage5_xgboost_raw_cuda,valid,0.7645585484003384,0.25731774941184415,0.3333333333333333,0.0002685284640171858,0.0005366246310705661,0.66,42401,2,3723,1
xgboost,stage5_xgboost_raw_cuda,valid,0.7645585484003384,0.25731774941184415,0.5,0.0002685284640171858,0.0005367686527106817,0.67,42402,1,3723,1
xgboost,stage5_xgboost_raw_cuda,valid,0.7645585484003384,0.25731774941184415,0.5,0.0002685284640171858,0.0005367686527106817,0.68,42402,1,3723,1
xgboost,stage5_xgboost_raw_cuda,valid,0.7645585484003384,0.25731774941184415,0.0,0.0,0.0,0.69,42402,1,3724,0
xgboost,stage5_xgboost_raw_cuda,valid,0.7645585484003384,0.25731774941184415,0.0,0.0,0.0,0.7,42403,0,3724,0
xgboost,stage5_xgboost_raw_cuda,valid,0.7645585484003384,0.25731774941184415,0.0,0.0,0.0,0.71,42403,0,3724,0
xgboost,stage5_xgboost_raw_cuda,valid,0.7645585484003384,0.25731774941184415,0.0,0.0,0.0,0.72,42403,0,3724,0
xgboost,stage5_xgboost_raw_cuda,valid,0.7645585484003384,0.25731774941184415,0.0,0.0,0.0,0.73,42403,0,3724,0
xgboost,stage5_xgboost_raw_cuda,valid,0.7645585484003384,0.25731774941184415,0.0,0.0,0.0,0.74,42403,0,3724,0
xgboost,stage5_xgboost_raw_cuda,valid,0.7645585484003384,0.25731774941184415,0.0,0.0,0.0,0.75,42403,0,3724,0
xgboost,stage5_xgboost_raw_cuda,valid,0.7645585484003384,0.25731774941184415,0.0,0.0,0.0,0.76,42403,0,3724,0
xgboost,stage5_xgboost_raw_cuda,valid,0.7645585484003384,0.25731774941184415,0.0,0.0,0.0,0.77,42403,0,3724,0
xgboost,stage5_xgboost_raw_cuda,valid,0.7645585484003384,0.25731774941184415,0.0,0.0,0.0,0.78,42403,0,3724,0
xgboost,stage5_xgboost_raw_cuda,valid,0.7645585484003384,0.25731774941184415,0.0,0.0,0.0,0.79,42403,0,3724,0
xgboost,stage5_xgboost_raw_cuda,valid,0.7645585484003384,0.25731774941184415,0.0,0.0,0.0,0.8,42403,0,3724,0
xgboost,stage5_xgboost_raw_cuda,valid,0.7645585484003384,0.25731774941184415,0.0,0.0,0.0,0.81,42403,0,3724,0
xgboost,stage5_xgboost_raw_cuda,valid,0.7645585484003384,0.25731774941184415,0.0,0.0,0.0,0.82,42403,0,3724,0
xgboost,stage5_xgboost_raw_cuda,valid,0.7645585484003384,0.25731774941184415,0.0,0.0,0.0,0.83,42403,0,3724,0
xgboost,stage5_xgboost_raw_cuda,valid,0.7645585484003384,0.25731774941184415,0.0,0.0,0.0,0.84,42403,0,3724,0
xgboost,stage5_xgboost_raw_cuda,valid,0.7645585484003384,0.25731774941184415,0.0,0.0,0.0,0.85,42403,0,3724,0
xgboost,stage5_xgboost_raw_cuda,valid,0.7645585484003384,0.25731774941184415,0.0,0.0,0.0,0.86,42403,0,3724,0
xgboost,stage5_xgboost_raw_cuda,valid,0.7645585484003384,0.25731774941184415,0.0,0.0,0.0,0.87,42403,0,3724,0
xgboost,stage5_xgboost_raw_cuda,valid,0.7645585484003384,0.25731774941184415,0.0,0.0,0.0,0.88,42403,0,3724,0
xgboost,stage5_xgboost_raw_cuda,valid,0.7645585484003384,0.25731774941184415,0.0,0.0,0.0,0.89,42403,0,3724,0
xgboost,stage5_xgboost_raw_cuda,valid,0.7645585484003384,0.25731774941184415,0.0,0.0,0.0,0.9,42403,0,3724,0
xgboost,stage5_xgboost_raw_cuda,valid,0.7645585484003384,0.25731774941184415,0.0,0.0,0.0,0.91,42403,0,3724,0
xgboost,stage5_xgboost_raw_cuda,valid,0.7645585484003384,0.25731774941184415,0.0,0.0,0.0,0.92,42403,0,3724,0
xgboost,stage5_xgboost_raw_cuda,valid,0.7645585484003384,0.25731774941184415,0.0,0.0,0.0,0.93,42403,0,3724,0
xgboost,stage5_xgboost_raw_cuda,valid,0.7645585484003384,0.25731774941184415,0.0,0.0,0.0,0.94,42403,0,3724,0
xgboost,stage5_xgboost_raw_cuda,valid,0.7645585484003384,0.25731774941184415,0.0,0.0,0.0,0.95,42403,0,3724,0
xgboost,stage5_xgboost_raw_cuda,valid,0.7645585484003384,0.25731774941184415,0.0,0.0,0.0,0.96,42403,0,3724,0
xgboost,stage5_xgboost_raw_cuda,valid,0.7645585484003384,0.25731774941184415,0.0,0.0,0.0,0.97,42403,0,3724,0
xgboost,stage5_xgboost_raw_cuda,valid,0.7645585484003384,0.25731774941184415,0.0,0.0,0.0,0.98,42403,0,3724,0
xgboost,stage5_xgboost_raw_cuda,valid,0.7645585484003384,0.25731774941184415,0.0,0.0,0.0,0.99,42403,0,3724,0
