model,model_family,strategy,calibration_method,split,bin,lower,upper,count,mean_predicted_probability,observed_default_rate,absolute_gap,weighted_gap
stage5_lightgbm_smote_gpu,lightgbm,smote,raw,valid,1,0.0,0.1,33878,0.043878976142024656,0.041678965700454575,0.0022000104415700814,0.0016157988540228328
stage5_lightgbm_smote_gpu,lightgbm,smote,raw,valid,2,0.1,0.2,8279,0.13929690186609323,0.1317792003865201,0.007517701479573119,0.0013492976033426377
stage5_lightgbm_smote_gpu,lightgbm,smote,raw,valid,3,0.2,0.30000000000000004,2524,0.2409202025267496,0.25950871632329636,0.018588513796546774,0.0010171354916314536
stage5_lightgbm_smote_gpu,lightgbm,smote,raw,valid,4,0.30000000000000004,0.4,965,0.34190690616755903,0.3471502590673575,0.005243352899798492,0.0001096935753095919
stage5_lightgbm_smote_gpu,lightgbm,smote,raw,valid,5,0.4,0.5,329,0.44005177517415994,0.43465045592705165,0.005401319247108294,3.852481263248485e-05
stage5_lightgbm_smote_gpu,lightgbm,smote,raw,valid,6,0.5,0.6000000000000001,130,0.5425625996050424,0.5615384615384615,0.018975861933419158,5.347978518751469e-05
stage5_lightgbm_smote_gpu,lightgbm,smote,raw,valid,7,0.6000000000000001,0.7000000000000001,20,0.6328341436790488,0.75,0.11716585632095122,5.0801420565374386e-05
stage5_lightgbm_smote_gpu,lightgbm,smote,raw,valid,8,0.7000000000000001,0.8,2,0.7138464478901685,0.0,0.7138464478901685,3.095134944350027e-05
stage5_lightgbm_smote_gpu,lightgbm,smote,raw,valid,9,0.8,0.9,0,,,,0.0
stage5_lightgbm_smote_gpu,lightgbm,smote,raw,valid,10,0.9,1.0,0,,,,0.0
stage5_lightgbm_smote_gpu,lightgbm,smote,raw,test,1,0.0,0.1,33750,0.04363211128936611,0.041274074074074074,0.0023580372152920345,0.0017253182738115674
stage5_lightgbm_smote_gpu,lightgbm,smote,raw,test,2,0.1,0.2,8328,0.13930748062180595,0.14085014409221902,0.0015426634704130693,0.00027852020251913285
stage5_lightgbm_smote_gpu,lightgbm,smote,raw,test,3,0.2,0.30000000000000004,2561,0.2417666737522367,0.24326434986333464,0.0014976761110979397,8.315191797692942e-05
stage5_lightgbm_smote_gpu,lightgbm,smote,raw,test,4,0.30000000000000004,0.4,973,0.34022333717106,0.3186022610483042,0.021621076122755822,0.00045607360260674693
stage5_lightgbm_smote_gpu,lightgbm,smote,raw,test,5,0.4,0.5,357,0.4394926235071615,0.4061624649859944,0.03333015852116711,0.00025795882220947945
stage5_lightgbm_smote_gpu,lightgbm,smote,raw,test,6,0.5,0.6000000000000001,122,0.5390258716984742,0.48360655737704916,0.055419314321424995,0.00014657697979955013
stage5_lightgbm_smote_gpu,lightgbm,smote,raw,test,7,0.6000000000000001,0.7000000000000001,33,0.6354733395344571,0.5757575757575758,0.05971576377688126,4.27216208432606e-05
stage5_lightgbm_smote_gpu,lightgbm,smote,raw,test,8,0.7000000000000001,0.8,3,0.7167782550363012,0.6666666666666666,0.050111588369634585,3.2591489823509824e-06
stage5_lightgbm_smote_gpu,lightgbm,smote,raw,test,9,0.8,0.9,0,,,,0.0
stage5_lightgbm_smote_gpu,lightgbm,smote,raw,test,10,0.9,1.0,0,,,,0.0
stage5_lightgbm_smote_gpu,lightgbm,smote,sigmoid,valid,1,0.0,0.1,38361,0.05292011407421083,0.05080680899872266,0.002113305075488167,0.0017575063628851122
stage5_lightgbm_smote_gpu,lightgbm,smote,sigmoid,valid,2,0.1,0.2,4959,0.136220971036989,0.16515426497277677,0.02893329393578778,0.0031105470684755477
stage5_lightgbm_smote_gpu,lightgbm,smote,sigmoid,valid,3,0.2,0.30000000000000004,1317,0.24186225806373313,0.2862566438876234,0.04439438582389027,0.0012675310800629455
stage5_lightgbm_smote_gpu,lightgbm,smote,sigmoid,valid,4,0.30000000000000004,0.4,633,0.34395765376823345,0.334913112164297,0.009044541603936473,0.00012411808344986209
stage5_lightgbm_smote_gpu,lightgbm,smote,sigmoid,valid,5,0.4,0.5,357,0.4450213682678172,0.3585434173669468,0.0864779509008704,0.0006692962575413692
stage5_lightgbm_smote_gpu,lightgbm,smote,sigmoid,valid,6,0.5,0.6000000000000001,209,0.5424404606277172,0.3923444976076555,0.15009596302006173,0.0006800801324862424
stage5_lightgbm_smote_gpu,lightgbm,smote,sigmoid,valid,7,0.6000000000000001,0.7000000000000001,134,0.643890605761319,0.4925373134328358,0.15135329232848316,0.00043968480872410393
stage5_lightgbm_smote_gpu,lightgbm,smote,sigmoid,valid,8,0.7000000000000001,0.8,98,0.7501489545885276,0.5612244897959183,0.18892446479260927,0.00040138308473726257
stage5_lightgbm_smote_gpu,lightgbm,smote,sigmoid,valid,9,0.8,0.9,54,0.8360980331281042,0.6296296296296297,0.2064684034984745,0.00024170862594397258
stage5_lightgbm_smote_gpu,lightgbm,smote,sigmoid,valid,10,0.9,1.0,5,0.9237065516353555,0.4,0.5237065516353555,5.6767896420247955e-05
stage5_lightgbm_smote_gpu,lightgbm,smote,sigmoid,test,1,0.0,0.1,38208,0.05282969784508393,0.05064384422110553,0.0021858536239783982,0.0018105902240546023
stage5_lightgbm_smote_gpu,lightgbm,smote,sigmoid,test,2,0.1,0.2,5020,0.135671733517312,0.1749003984063745,0.039228664889062514,0.0042692544007434646
stage5_lightgbm_smote_gpu,lightgbm,smote,sigmoid,test,3,0.2,0.30000000000000004,1374,0.24256047508975723,0.26710334788937407,0.02454287279961684,0.0007310665602938309
stage5_lightgbm_smote_gpu,lightgbm,smote,sigmoid,test,4,0.30000000000000004,0.4,652,0.34306728164948724,0.3113496932515337,0.03171758839795352,0.00044832457422910003
stage5_lightgbm_smote_gpu,lightgbm,smote,sigmoid,test,5,0.4,0.5,346,0.44558316537086895,0.315028901734104,0.13055426363676492,0.0009792914175715017
stage5_lightgbm_smote_gpu,lightgbm,smote,sigmoid,test,6,0.5,0.6000000000000001,229,0.546685158224028,0.4017467248908297,0.14493843333319828,0.0007195547343920568
stage5_lightgbm_smote_gpu,lightgbm,smote,sigmoid,test,7,0.6000000000000001,0.7000000000000001,137,0.6454076338922566,0.4306569343065693,0.21475069958568732,0.0006378226601174836
stage5_lightgbm_smote_gpu,lightgbm,smote,sigmoid,test,8,0.7000000000000001,0.8,98,0.746522653683113,0.4897959183673469,0.25672673531576606,0.0005454336952532156
stage5_lightgbm_smote_gpu,lightgbm,smote,sigmoid,test,9,0.8,0.9,53,0.8496043732541809,0.49056603773584906,0.35903833551833186,0.00041253564685480497
stage5_lightgbm_smote_gpu,lightgbm,smote,sigmoid,test,10,0.9,1.0,10,0.9236391051106821,0.7,0.2236391051106822,4.848334058375403e-05
stage5_lightgbm_smote_gpu,lightgbm,smote,isotonic,valid,1,0.0,0.1,33724,0.0413059022951014,0.04130589491163563,7.383465769339459e-09,5.39813990949344e-09
stage5_lightgbm_smote_gpu,lightgbm,smote,isotonic,valid,2,0.1,0.2,8099,0.12841091492776885,0.12841091492776885,0.0,0.0
stage5_lightgbm_smote_gpu,lightgbm,smote,isotonic,valid,3,0.2,0.30000000000000004,3110,0.2546623794212219,0.2546623794212219,0.0,0.0
stage5_lightgbm_smote_gpu,lightgbm,smote,isotonic,valid,4,0.30000000000000004,0.4,818,0.3704156479217604,0.3704156479217604,0.0,0.0
stage5_lightgbm_smote_gpu,lightgbm,smote,isotonic,valid,5,0.4,0.5,205,0.4682926829268292,0.4682926829268293,1.1102230246251565e-16,4.934110608714139e-19
stage5_lightgbm_smote_gpu,lightgbm,smote,isotonic,valid,6,0.5,0.6000000000000001,135,0.562962962962963,0.562962962962963,0.0,0.0
stage5_lightgbm_smote_gpu,lightgbm,smote,isotonic,valid,7,0.6000000000000001,0.7000000000000001,36,0.6666666666666667,0.6666666666666666,1.1102230246251565e-16,8.664779605546781e-20
stage5_lightgbm_smote_gpu,lightgbm,smote,isotonic,valid,8,0.7000000000000001,0.8,0,,,,0.0
stage5_lightgbm_smote_gpu,lightgbm,smote,isotonic,valid,9,0.8,0.9,0,,,,0.0
stage5_lightgbm_smote_gpu,lightgbm,smote,isotonic,valid,10,0.9,1.0,0,,,,0.0
stage5_lightgbm_smote_gpu,lightgbm,smote,isotonic,test,1,0.0,0.1,33579,0.04103003232155272,0.04097799219750439,5.204012404833036e-05,3.788356765926432e-05
stage5_lightgbm_smote_gpu,lightgbm,smote,isotonic,test,2,0.1,0.2,8142,0.12812182461611418,0.1379267993122083,0.00980497469609412,0.001730702277962979
stage5_lightgbm_smote_gpu,lightgbm,smote,isotonic,test,3,0.2,0.30000000000000004,3202,0.2554846285030974,0.23891317926296066,0.016571449240136732,0.0011503410251461794
stage5_lightgbm_smote_gpu,lightgbm,smote,isotonic,test,4,0.30000000000000004,0.4,798,0.37028905760746916,0.34210526315789475,0.028183794449574417,0.00048758141589005103
stage5_lightgbm_smote_gpu,lightgbm,smote,isotonic,test,5,0.4,0.5,226,0.4635693215339232,0.4247787610619469,0.03879056047197632,0.00019005499309876316
stage5_lightgbm_smote_gpu,lightgbm,smote,isotonic,test,6,0.5,0.6000000000000001,125,0.5628906414112359,0.496,0.06689064141123591,0.00018126759113760895
stage5_lightgbm_smote_gpu,lightgbm,smote,isotonic,test,7,0.6000000000000001,0.7000000000000001,55,0.6690848777204232,0.5272727272727272,0.14181215044769602,0.00016909116731249118
stage5_lightgbm_smote_gpu,lightgbm,smote,isotonic,test,8,0.7000000000000001,0.8,0,,,,0.0
stage5_lightgbm_smote_gpu,lightgbm,smote,isotonic,test,9,0.8,0.9,0,,,,0.0
stage5_lightgbm_smote_gpu,lightgbm,smote,isotonic,test,10,0.9,1.0,0,,,,0.0
stage5_lightgbm_raw_gpu,lightgbm,raw,raw,valid,1,0.0,0.1,34359,0.04234782677806521,0.04298728135277511,0.0006394545747099023,0.0004763158179039941
stage5_lightgbm_raw_gpu,lightgbm,raw,raw,valid,2,0.1,0.2,7970,0.1396050003795943,0.13525721455457967,0.004347785825014633,0.0007512271126534704
stage5_lightgbm_raw_gpu,lightgbm,raw,raw,valid,3,0.2,0.30000000000000004,2365,0.2411188599829962,0.25200845665961946,0.010889596676623259,0.0005583258425697316
stage5_lightgbm_raw_gpu,lightgbm,raw,raw,valid,4,0.30000000000000004,0.4,953,0.342693335649624,0.3578174186778594,0.015124083028235369,0.0003124688604485075
stage5_lightgbm_raw_gpu,lightgbm,raw,raw,valid,5,0.4,0.5,336,0.4420987619292205,0.44345238095238093,0.0013536190231604461,9.860081769503976e-06
stage5_lightgbm_raw_gpu,lightgbm,raw,raw,valid,6,0.5,0.6000000000000001,117,0.538117614019529,0.5555555555555556,0.017437941536026624,4.4230909439484795e-05
stage5_lightgbm_raw_gpu,lightgbm,raw,raw,valid,7,0.6000000000000001,0.7000000000000001,24,0.630053098092958,0.7083333333333334,0.07828023524037542,4.072941326704555e-05
stage5_lightgbm_raw_gpu,lightgbm,raw,raw,valid,8,0.7000000000000001,0.8,3,0.7209952220856889,0.3333333333333333,0.3876618887523556,2.521268814917655e-05
stage5_lightgbm_raw_gpu,lightgbm,raw,raw,valid,9,0.8,0.9,0,,,,0.0
stage5_lightgbm_raw_gpu,lightgbm,raw,raw,valid,10,0.9,1.0,0,,,,0.0
stage5_lightgbm_raw_gpu,lightgbm,raw,raw,test,1,0.0,0.1,34232,0.04207693942867062,0.04302991353119888,0.000952974102528259,0.0007072259084212578
stage5_lightgbm_raw_gpu,lightgbm,raw,raw,test,2,0.1,0.2,7974,0.13956966317802122,0.13982944569852018,0.00025978252049896344,4.4908747988352474e-05
stage5_lightgbm_raw_gpu,lightgbm,raw,raw,test,3,0.2,0.30000000000000004,2446,0.24286382007401994,0.2403924775143091,0.0024713425597108485,0.0001310491447753536
stage5_lightgbm_raw_gpu,lightgbm,raw,raw,test,4,0.30000000000000004,0.4,945,0.3417628708758133,0.3333333333333333,0.008429537542479992,0.0001726952322423655
stage5_lightgbm_raw_gpu,lightgbm,raw,raw,test,5,0.4,0.5,353,0.44175526483422206,0.39943342776203966,0.0423218370721824,0.0003238799073531855
stage5_lightgbm_raw_gpu,lightgbm,raw,raw,test,6,0.5,0.6000000000000001,134,0.5392943807360014,0.48507462686567165,0.05421975387032979,0.00015750963684228741
stage5_lightgbm_raw_gpu,lightgbm,raw,raw,test,7,0.6000000000000001,0.7000000000000001,36,0.6444211614332009,0.6111111111111112,0.03331005032208978,2.5996960816771783e-05
stage5_lightgbm_raw_gpu,lightgbm,raw,raw,test,8,0.7000000000000001,0.8,7,0.7456371902998759,0.7142857142857143,0.03135147601416155,4.757741281660001e-06
stage5_lightgbm_raw_gpu,lightgbm,raw,raw,test,9,0.8,0.9,0,,,,0.0
stage5_lightgbm_raw_gpu,lightgbm,raw,raw,test,10,0.9,1.0,0,,,,0.0
stage5_lightgbm_raw_gpu,lightgbm,raw,sigmoid,valid,1,0.0,0.1,38376,0.053209510485388196,0.050500312695434646,0.0027091977899535505,0.0022539548287826535
stage5_lightgbm_raw_gpu,lightgbm,raw,sigmoid,valid,2,0.1,0.2,4991,0.13531679649171777,0.1689040272490483,0.03358723075733053,0.003634181037349853
stage5_lightgbm_raw_gpu,lightgbm,raw,sigmoid,valid,3,0.2,0.30000000000000004,1284,0.24184926214843214,0.279595015576324,0.037745753427891854,0.0010506980163768106
stage5_lightgbm_raw_gpu,lightgbm,raw,sigmoid,valid,4,0.30000000000000004,0.4,609,0.3458542092607271,0.3284072249589491,0.01744698430177799,0.0002303469430004725
stage5_lightgbm_raw_gpu,lightgbm,raw,sigmoid,valid,5,0.4,0.5,372,0.4447067746939861,0.3870967741935484,0.05761000050043774,0.00046460685035148265
stage5_lightgbm_raw_gpu,lightgbm,raw,sigmoid,valid,6,0.5,0.6000000000000001,215,0.5488520876017396,0.413953488372093,0.13489859922964664,0.0006287683750162384
stage5_lightgbm_raw_gpu,lightgbm,raw,sigmoid,valid,7,0.6000000000000001,0.7000000000000001,134,0.6487681264597501,0.5074626865671642,0.14130543989258593,0.0004104955654086872
stage5_lightgbm_raw_gpu,lightgbm,raw,sigmoid,valid,8,0.7000000000000001,0.8,91,0.7434023870075531,0.4945054945054945,0.2488968925020586,0.0004910273206080459
stage5_lightgbm_raw_gpu,lightgbm,raw,sigmoid,valid,9,0.8,0.9,47,0.8382071539556618,0.6808510638297872,0.1573560901258746,0.00016033421284532065
stage5_lightgbm_raw_gpu,lightgbm,raw,sigmoid,valid,10,0.9,1.0,8,0.9218372996161085,0.75,0.1718372996161085,2.9802467035117567e-05
stage5_lightgbm_raw_gpu,lightgbm,raw,sigmoid,test,1,0.0,0.1,38275,0.05316608701670953,0.051129980404964075,0.0020361066117454557,0.0016895089766201428
stage5_lightgbm_raw_gpu,lightgbm,raw,sigmoid,test,2,0.1,0.2,4965,0.13557533227072527,0.17260825780463243,0.03703292553390716,0.003986135566497909
stage5_lightgbm_raw_gpu,lightgbm,raw,sigmoid,test,3,0.2,0.30000000000000004,1353,0.2428945864870574,0.25942350332594233,0.01652891683888494,0.0004848272049561281
stage5_lightgbm_raw_gpu,lightgbm,raw,sigmoid,test,4,0.30000000000000004,0.4,629,0.34344437400030536,0.2988871224165342,0.04455725158377116,0.0006075944944651085
stage5_lightgbm_raw_gpu,lightgbm,raw,sigmoid,test,5,0.4,0.5,365,0.4453208311668702,0.3698630136986301,0.0754578174682401,0.0005970928821711284
stage5_lightgbm_raw_gpu,lightgbm,raw,sigmoid,test,6,0.5,0.6000000000000001,216,0.5461474680435481,0.4027777777777778,0.1433696902657703,0.0006713606585602008
stage5_lightgbm_raw_gpu,lightgbm,raw,sigmoid,test,7,0.6000000000000001,0.7000000000000001,144,0.6495946127820356,0.3819444444444444,0.26765016833759114,0.0008355545394370569
stage5_lightgbm_raw_gpu,lightgbm,raw,sigmoid,test,8,0.7000000000000001,0.8,104,0.7448449415774506,0.46153846153846156,0.28330648003898906,0.0006387554777907703
stage5_lightgbm_raw_gpu,lightgbm,raw,sigmoid,test,9,0.8,0.9,57,0.8421387787951999,0.6140350877192983,0.22810369107590167,0.0002818720140335681
stage5_lightgbm_raw_gpu,lightgbm,raw,sigmoid,test,10,0.9,1.0,19,0.9274143066505003,0.5789473684210527,0.34846693822944763,0.00014353571284409357
stage5_lightgbm_raw_gpu,lightgbm,raw,isotonic,valid,1,0.0,0.1,34829,0.04346953024778202,0.04346952252433317,7.723448852692272e-09,5.831725455599088e-09
stage5_lightgbm_raw_gpu,lightgbm,raw,isotonic,valid,2,0.1,0.2,8016,0.14134231536926148,0.14134231536926148,0.0,0.0
stage5_lightgbm_raw_gpu,lightgbm,raw,isotonic,valid,3,0.2,0.30000000000000004,1978,0.2724974721941355,0.2724974721941355,0.0,0.0
stage5_lightgbm_raw_gpu,lightgbm,raw,isotonic,valid,4,0.30000000000000004,0.4,807,0.3667905824039653,0.3667905824039653,0.0,0.0
stage5_lightgbm_raw_gpu,lightgbm,raw,isotonic,valid,5,0.4,0.5,231,0.41991341991341985,0.4199134199134199,5.551115123125783e-17,2.7799501234462586e-19
stage5_lightgbm_raw_gpu,lightgbm,raw,isotonic,valid,6,0.5,0.6000000000000001,210,0.5047619047619047,0.5047619047619047,0.0,0.0
stage5_lightgbm_raw_gpu,lightgbm,raw,isotonic,valid,7,0.6000000000000001,0.7000000000000001,37,0.6486486486486488,0.6486486486486487,1.1102230246251565e-16,8.90546792792308e-20
stage5_lightgbm_raw_gpu,lightgbm,raw,isotonic,valid,8,0.7000000000000001,0.8,8,0.75,0.75,0.0,0.0
stage5_lightgbm_raw_gpu,lightgbm,raw,isotonic,valid,9,0.8,0.9,11,0.8181818181818182,0.8181818181818182,0.0,0.0
stage5_lightgbm_raw_gpu,lightgbm,raw,isotonic,valid,10,0.9,1.0,0,,,,0.0
stage5_lightgbm_raw_gpu,lightgbm,raw,isotonic,test,1,0.0,0.1,34702,0.043203548757350906,0.043801509999423664,0.0005979612420727587,0.00044985477101066343
stage5_lightgbm_raw_gpu,lightgbm,raw,isotonic,test,2,0.1,0.2,7963,0.14085494384622205,0.1475574532211478,0.0067025093749257525,0.001157068141273739
stage5_lightgbm_raw_gpu,lightgbm,raw,isotonic,test,3,0.2,0.30000000000000004,2124,0.2721607316941039,0.24670433145009416,0.02545640024400972,0.0011721853603806152
stage5_lightgbm_raw_gpu,lightgbm,raw,isotonic,test,4,0.30000000000000004,0.4,797,0.3658847533967182,0.33626097867001253,0.029623774726705687,0.0005118509432042932
stage5_lightgbm_raw_gpu,lightgbm,raw,isotonic,test,5,0.4,0.5,233,0.41921564663947375,0.39914163090128757,0.02007401573818618,0.00010139930337974245
stage5_lightgbm_raw_gpu,lightgbm,raw,isotonic,test,6,0.5,0.6000000000000001,229,0.5048244867543793,0.4192139737991266,0.08561051295525268,0.0004250180472771449
stage5_lightgbm_raw_gpu,lightgbm,raw,isotonic,test,7,0.6000000000000001,0.7000000000000001,39,0.6486486486486488,0.5897435897435898,0.05890505890505904,4.980374395250727e-05
stage5_lightgbm_raw_gpu,lightgbm,raw,isotonic,test,8,0.7000000000000001,0.8,16,0.7526898000110837,0.625,0.12768980001108365,4.429156026139438e-05
stage5_lightgbm_raw_gpu,lightgbm,raw,isotonic,test,9,0.8,0.9,24,0.8178906439693563,0.625,0.1928906439693563,0.00010036151181010149
stage5_lightgbm_raw_gpu,lightgbm,raw,isotonic,test,10,0.9,1.0,0,,,,0.0
stage5_xgboost_raw_cuda,xgboost,raw,raw,valid,1,0.0,0.1,34026,0.04307550032310974,0.04258508199612061,0.0004904183269891296,0.0003617615278282161
stage5_xgboost_raw_cuda,xgboost,raw,raw,valid,2,0.1,0.2,8339,0.13915549332213667,0.1316704640844226,0.007485029237714075,0.001353169701331057
stage5_xgboost_raw_cuda,xgboost,raw,raw,valid,3,0.2,0.30000000000000004,2443,0.24109671212125888,0.2664756446991404,0.02537893257788154,0.0013441310357873828
stage5_xgboost_raw_cuda,xgboost,raw,raw,valid,4,0.30000000000000004,0.4,905,0.3418489890533258,0.35359116022099446,0.01174217116766868,0.00023037840975437715
stage5_xgboost_raw_cuda,xgboost,raw,raw,valid,5,0.4,0.5,292,0.44167475514624216,0.4589041095890411,0.01722935444279894,0.00010906782355881133
stage5_xgboost_raw_cuda,xgboost,raw,raw,valid,6,0.5,0.6000000000000001,111,0.5376799117337476,0.5855855855855856,0.04790567385183797,0.00011528020026349025
stage5_xgboost_raw_cuda,xgboost,raw,raw,valid,7,0.6000000000000001,0.7000000000000001,11,0.6330735466697,0.6363636363636364,0.0032900896939364044,7.845944161402313e-07
stage5_xgboost_raw_cuda,xgboost,raw,raw,valid,8,0.7000000000000001,0.8,0,,,,0.0
stage5_xgboost_raw_cuda,xgboost,raw,raw,valid,9,0.8,0.9,0,,,,0.0
stage5_xgboost_raw_cuda,xgboost,raw,raw,valid,10,0.9,1.0,0,,,,0.0
stage5_xgboost_raw_cuda,xgboost,raw,raw,test,1,0.0,0.1,33879,0.042777356052826024,0.042386138906107027,0.0003912171467189973,0.0002873381254729965
stage5_xgboost_raw_cuda,xgboost,raw,raw,test,2,0.1,0.2,8361,0.13953594857800763,0.1374237531395766,0.002112195438431025,0.0003828574600715806
stage5_xgboost_raw_cuda,xgboost,raw,raw,test,3,0.2,0.30000000000000004,2541,0.24133688141655987,0.24478551751279023,0.003448636096230362,0.00018997516249748194
stage5_xgboost_raw_cuda,xgboost,raw,raw,test,4,0.30000000000000004,0.4,900,0.34099346644348566,0.3411111111111111,0.00011764466762542725,2.2954061799571732e-06
stage5_xgboost_raw_cuda,xgboost,raw,raw,test,5,0.4,0.5,304,0.44083273224532604,0.4473684210526316,0.00653568880730554,4.30734580055257e-05
stage5_xgboost_raw_cuda,xgboost,raw,raw,test,6,0.5,0.6000000000000001,112,0.539396443005119,0.49107142857142855,0.04832501443369047,0.00011733695268656823
stage5_xgboost_raw_cuda,xgboost,raw,raw,test,7,0.6000000000000001,0.7000000000000001,27,0.6407028701570299,0.6296296296296297,0.011073240527400219,6.481615848414289e-06
stage5_xgboost_raw_cuda,xgboost,raw,raw,test,8,0.7000000000000001,0.8,3,0.7255623737970988,0.6666666666666666,0.05889570713043213,3.830449007984399e-06
stage5_xgboost_raw_cuda,xgboost,raw,raw,test,9,0.8,0.9,0,,,,0.0
stage5_xgboost_raw_cuda,xgboost,raw,raw,test,10,0.9,1.0,0,,,,0.0
stage5_xgboost_raw_cuda,xgboost,raw,sigmoid,valid,1,0.0,0.1,38199,0.052702601884157055,0.05005366632634362,0.0026489355578134324,0.002193654245299181
stage5_xgboost_raw_cuda,xgboost,raw,sigmoid,valid,2,0.1,0.2,5126,0.13573998491091294,0.1648458837300039,0.029105898819090953,0.003234479531438425
stage5_xgboost_raw_cuda,xgboost,raw,sigmoid,valid,3,0.2,0.30000000000000004,1316,0.2421980013111728,0.28495440729483285,0.04275640598366004,0.0012198371945822753
stage5_xgboost_raw_cuda,xgboost,raw,sigmoid,valid,4,0.30000000000000004,0.4,627,0.3447532039768877,0.34290271132376393,0.0018504926531237587,2.515357368804814e-05
stage5_xgboost_raw_cuda,xgboost,raw,sigmoid,valid,5,0.4,0.5,377,0.44420641079711853,0.3925729442970822,0.05163346650003631,0.0004220048316715522
stage5_xgboost_raw_cuda,xgboost,raw,sigmoid,valid,6,0.5,0.6000000000000001,197,0.5456114993128869,0.40609137055837563,0.13952012875451125,0.0005958650110485988
stage5_xgboost_raw_cuda,xgboost,raw,sigmoid,valid,7,0.6000000000000001,0.7000000000000001,124,0.6432003889635828,0.4435483870967742,0.1996520018668086,0.0005367105649941307
stage5_xgboost_raw_cuda,xgboost,raw,sigmoid,valid,8,0.7000000000000001,0.8,112,0.7448412736068967,0.5625,0.18234127360689667,0.0004427390171477101
stage5_xgboost_raw_cuda,xgboost,raw,sigmoid,valid,9,0.8,0.9,45,0.8416892891706202,0.6444444444444445,0.19724484472617576,0.0001924256511951332
stage5_xgboost_raw_cuda,xgboost,raw,sigmoid,valid,10,0.9,1.0,4,0.9235076604974721,0.5,0.4235076604974721,3.6725359160359194e-05
stage5_xgboost_raw_cuda,xgboost,raw,sigmoid,test,1,0.0,0.1,38005,0.05259334036489068,0.04994079726351796,0.002652543101372723,0.0021854857365029234
stage5_xgboost_raw_cuda,xgboost,raw,sigmoid,test,2,0.1,0.2,5222,0.13575803927162175,0.17464572960551514,0.03888769033389339,0.004402443664742803
stage5_xgboost_raw_cuda,xgboost,raw,sigmoid,test,3,0.2,0.30000000000000004,1398,0.24316454199527837,0.24821173104434907,0.005047189049070699,0.0001529683328766414
stage5_xgboost_raw_cuda,xgboost,raw,sigmoid,test,4,0.30000000000000004,0.4,631,0.3445717612292374,0.33438985736925514,0.010181903859982244,0.00013928461282218215
stage5_xgboost_raw_cuda,xgboost,raw,sigmoid,test,5,0.4,0.5,358,0.446413391017842,0.3547486033519553,0.0916647876658867,0.0007114270163762534
stage5_xgboost_raw_cuda,xgboost,raw,sigmoid,test,6,0.5,0.6000000000000001,210,0.5480688210843899,0.37142857142857144,0.17664024965581848,0.0008041809011581478
stage5_xgboost_raw_cuda,xgboost,raw,sigmoid,test,7,0.6000000000000001,0.7000000000000001,130,0.6469361703069287,0.4461538461538462,0.20078232415308256,0.0005658660251024505
stage5_xgboost_raw_cuda,xgboost,raw,sigmoid,test,8,0.7000000000000001,0.8,102,0.7482379184101885,0.5098039215686274,0.23843399684156108,0.0005272458143351882
stage5_xgboost_raw_cuda,xgboost,raw,sigmoid,test,9,0.8,0.9,56,0.8471915071826884,0.5357142857142857,0.31147722146840273,0.000378145650101471
stage5_xgboost_raw_cuda,xgboost,raw,sigmoid,test,10,0.9,1.0,15,0.9279925029747246,0.7333333333333333,0.1946591696413913,6.33010502443443e-05
stage5_xgboost_raw_cuda,xgboost,raw,isotonic,valid,1,0.0,0.1,33366,0.04114967634717977,0.041149673320146254,3.0270335127369208e-09,2.1896069587439047e-09
stage5_xgboost_raw_cuda,xgboost,raw,isotonic,valid,2,0.1,0.2,8959,0.12970197566692712,0.12970197566692712,0.0,0.0
stage5_xgboost_raw_cuda,xgboost,raw,isotonic,valid,3,0.2,0.30000000000000004,1808,0.24004424778761063,0.24004424778761063,0.0,0.0
stage5_xgboost_raw_cuda,xgboost,raw,isotonic,valid,4,0.30000000000000004,0.4,1595,0.34733542319749217,0.34733542319749217,0.0,0.0
stage5_xgboost_raw_cuda,xgboost,raw,isotonic,valid,5,0.4,0.5,240,0.44583333333333325,0.44583333333333336,1.1102230246251565e-16,5.776519737031187e-19
stage5_xgboost_raw_cuda,xgboost,raw,isotonic,valid,6,0.5,0.6000000000000001,74,0.5,0.5,0.0,0.0
stage5_xgboost_raw_cuda,xgboost,raw,isotonic,valid,7,0.6000000000000001,0.7000000000000001,77,0.6623376623376622,0.6623376623376623,1.1102230246251565e-16,1.853300082297506e-19
stage5_xgboost_raw_cuda,xgboost,raw,isotonic,valid,8,0.7000000000000001,0.8,8,0.75,0.75,0.0,0.0
stage5_xgboost_raw_cuda,xgboost,raw,isotonic,valid,9,0.8,0.9,0,,,,0.0
stage5_xgboost_raw_cuda,xgboost,raw,isotonic,valid,10,0.9,1.0,0,,,,0.0
stage5_xgboost_raw_cuda,xgboost,raw,isotonic,test,1,0.0,0.1,33267,0.04087165254895728,0.041512610094087236,0.0006409575451299596,0.00046226146625270154
stage5_xgboost_raw_cuda,xgboost,raw,isotonic,test,2,0.1,0.2,8936,0.1301141717569034,0.1337287376902417,0.0036145659333383096,0.0007002354625341153
stage5_xgboost_raw_cuda,xgboost,raw,isotonic,test,3,0.2,0.30000000000000004,1864,0.24007585497806389,0.23336909871244635,0.006706756265617536,0.00027102117369677385
stage5_xgboost_raw_cuda,xgboost,raw,isotonic,test,4,0.30000000000000004,0.4,1625,0.3452626925510007,0.31384615384615383,0.0314165387048469,0.0011067677368000566
stage5_xgboost_raw_cuda,xgboost,raw,isotonic,test,5,0.4,0.5,265,0.44513042319542784,0.42641509433962266,0.01871532885580518,0.00010751972048449655
stage5_xgboost_raw_cuda,xgboost,raw,isotonic,test,6,0.5,0.6000000000000001,61,0.5014690545621646,0.5245901639344263,0.02312110937226164,3.057618470110694e-05
stage5_xgboost_raw_cuda,xgboost,raw,isotonic,test,7,0.6000000000000001,0.7000000000000001,84,0.6635957842536988,0.5119047619047619,0.15169102234893694,0.0002762383393090967
stage5_xgboost_raw_cuda,xgboost,raw,isotonic,test,8,0.7000000000000001,0.8,25,0.75,0.6,0.15000000000000002,8.129728792247492e-05
stage5_xgboost_raw_cuda,xgboost,raw,isotonic,test,9,0.8,0.9,0,,,,0.0
stage5_xgboost_raw_cuda,xgboost,raw,isotonic,test,10,0.9,1.0,0,,,,0.0
